cls_model,loss,is_default,status,req_arg_n_series,req_arg_S,req_arg_input_size,other_req_args,loss_arg_level,loss_arg_quantiles,loss_arg_distribution,loss_arg_q,config_patch_len,config_n_series,error_detail
AutoAutoformer,Accuracy,0,1,0,0,0,,0,0,0,0,,,
AutoAutoformer,DistributionLoss,0,1,0,0,0,,0,0,1,0,,,
AutoAutoformer,GMM,0,1,0,0,0,,0,0,0,0,,,
AutoAutoformer,HuberIQLoss,0,1,0,0,0,,0,0,0,0,,,
AutoAutoformer,HuberLoss,0,1,0,0,0,,0,0,0,0,,,
AutoAutoformer,HuberMQLoss,0,1,0,0,0,,0,0,0,0,,,
AutoAutoformer,HuberQLoss,0,1,0,0,0,,0,0,0,1,,,
AutoAutoformer,IQLoss,0,1,0,0,0,,0,0,0,0,,,
AutoAutoformer,MAE,1,1,0,0,0,,0,0,0,0,,,
AutoAutoformer,MAPE,0,1,0,0,0,,0,0,0,0,,,
AutoAutoformer,MASE,0,1,0,0,0,,0,0,0,0,,,
AutoAutoformer,MQLoss,0,1,0,0,0,,0,0,0,0,,,
AutoAutoformer,MSE,0,1,0,0,0,,0,0,0,0,,,
AutoAutoformer,NBMM,0,1,0,0,0,,0,0,0,0,,,
AutoAutoformer,PMM,0,1,0,0,0,,0,0,0,0,,,
AutoAutoformer,QuantileLayer,0,1,0,0,0,,0,0,0,0,,,
AutoAutoformer,QuantileLoss,0,1,0,0,0,,0,0,0,1,,,
AutoAutoformer,RMSE,0,1,0,0,0,,0,0,0,0,,,
AutoAutoformer,SMAPE,0,1,0,0,0,,0,0,0,0,,,
AutoAutoformer,TukeyLoss,0,1,0,0,0,,0,0,0,0,,,
AutoAutoformer,relMSE,0,1,0,0,0,,0,0,0,0,,,
AutoAutoformer,sCRPS,0,1,0,0,0,,0,0,0,0,,,
AutoBiTCN,Accuracy,0,1,0,0,0,,0,0,0,0,,,
AutoBiTCN,DistributionLoss,0,1,0,0,0,,0,0,1,0,,,
AutoBiTCN,GMM,0,1,0,0,0,,0,0,0,0,,,
AutoBiTCN,HuberIQLoss,0,1,0,0,0,,0,0,0,0,,,
AutoBiTCN,HuberLoss,0,1,0,0,0,,0,0,0,0,,,
AutoBiTCN,HuberMQLoss,0,1,0,0,0,,0,0,0,0,,,
AutoBiTCN,HuberQLoss,0,1,0,0,0,,0,0,0,1,,,
AutoBiTCN,IQLoss,0,1,0,0,0,,0,0,0,0,,,
AutoBiTCN,MAE,1,1,0,0,0,,0,0,0,0,,,
AutoBiTCN,MAPE,0,1,0,0,0,,0,0,0,0,,,
AutoBiTCN,MASE,0,1,0,0,0,,0,0,0,0,,,
AutoBiTCN,MQLoss,0,1,0,0,0,,0,0,0,0,,,
AutoBiTCN,MSE,0,1,0,0,0,,0,0,0,0,,,
AutoBiTCN,NBMM,0,1,0,0,0,,0,0,0,0,,,
AutoBiTCN,PMM,0,1,0,0,0,,0,0,0,0,,,
AutoBiTCN,QuantileLayer,0,1,0,0,0,,0,0,0,0,,,
AutoBiTCN,QuantileLoss,0,1,0,0,0,,0,0,0,1,,,
AutoBiTCN,RMSE,0,1,0,0,0,,0,0,0,0,,,
AutoBiTCN,SMAPE,0,1,0,0,0,,0,0,0,0,,,
AutoBiTCN,TukeyLoss,0,1,0,0,0,,0,0,0,0,,,
AutoBiTCN,relMSE,0,1,0,0,0,,0,0,0,0,,,
AutoBiTCN,sCRPS,0,1,0,0,0,,0,0,0,0,,,
AutoDLinear,Accuracy,0,1,0,0,0,,0,0,0,0,,,
AutoDLinear,DistributionLoss,0,1,0,0,0,,0,0,1,0,,,
AutoDLinear,GMM,0,1,0,0,0,,0,0,0,0,,,
AutoDLinear,HuberIQLoss,0,1,0,0,0,,0,0,0,0,,,
AutoDLinear,HuberLoss,0,1,0,0,0,,0,0,0,0,,,
AutoDLinear,HuberMQLoss,0,1,0,0,0,,0,0,0,0,,,
AutoDLinear,HuberQLoss,0,1,0,0,0,,0,0,0,1,,,
AutoDLinear,IQLoss,0,1,0,0,0,,0,0,0,0,,,
AutoDLinear,MAE,1,1,0,0,0,,0,0,0,0,,,
AutoDLinear,MAPE,0,1,0,0,0,,0,0,0,0,,,
AutoDLinear,MASE,0,1,0,0,0,,0,0,0,0,,,
AutoDLinear,MQLoss,0,1,0,0,0,,0,0,0,0,,,
AutoDLinear,MSE,0,1,0,0,0,,0,0,0,0,,,
AutoDLinear,NBMM,0,1,0,0,0,,0,0,0,0,,,
AutoDLinear,PMM,0,1,0,0,0,,0,0,0,0,,,
AutoDLinear,QuantileLayer,0,1,0,0,0,,0,0,0,0,,,
AutoDLinear,QuantileLoss,0,1,0,0,0,,0,0,0,1,,,
AutoDLinear,RMSE,0,1,0,0,0,,0,0,0,0,,,
AutoDLinear,SMAPE,0,1,0,0,0,,0,0,0,0,,,
AutoDLinear,TukeyLoss,0,1,0,0,0,,0,0,0,0,,,
AutoDLinear,relMSE,0,1,0,0,0,,0,0,0,0,,,
AutoDLinear,sCRPS,0,1,0,0,0,,0,0,0,0,,,
AutoDeepAR,Accuracy,0,1,0,0,0,,0,0,0,0,,,
AutoDeepAR,DistributionLoss,0,1,0,0,0,,0,0,1,0,,,
AutoDeepAR,GMM,0,1,0,0,0,,0,0,0,0,,,
AutoDeepAR,HuberIQLoss,0,1,0,0,0,,0,0,0,0,,,
AutoDeepAR,HuberLoss,0,1,0,0,0,,0,0,0,0,,,
AutoDeepAR,HuberMQLoss,0,1,0,0,0,,0,0,0,0,,,
AutoDeepAR,HuberQLoss,0,1,0,0,0,,0,0,0,1,,,
AutoDeepAR,IQLoss,0,1,0,0,0,,0,0,0,0,,,
AutoDeepAR,MAE,1,1,0,0,0,,0,0,0,0,,,
AutoDeepAR,MAPE,0,1,0,0,0,,0,0,0,0,,,
AutoDeepAR,MASE,0,1,0,0,0,,0,0,0,0,,,
AutoDeepAR,MQLoss,0,1,0,0,0,,0,0,0,0,,,
AutoDeepAR,MSE,0,1,0,0,0,,0,0,0,0,,,
AutoDeepAR,NBMM,0,1,0,0,0,,0,0,0,0,,,
AutoDeepAR,PMM,0,1,0,0,0,,0,0,0,0,,,
AutoDeepAR,QuantileLayer,0,1,0,0,0,,0,0,0,0,,,
AutoDeepAR,QuantileLoss,0,1,0,0,0,,0,0,0,1,,,
AutoDeepAR,RMSE,0,1,0,0,0,,0,0,0,0,,,
AutoDeepAR,SMAPE,0,1,0,0,0,,0,0,0,0,,,
AutoDeepAR,TukeyLoss,0,1,0,0,0,,0,0,0,0,,,
AutoDeepAR,relMSE,0,1,0,0,0,,0,0,0,0,,,
AutoDeepAR,sCRPS,0,1,0,0,0,,0,0,0,0,,,
AutoDeepNPTS,Accuracy,0,1,0,0,0,,0,0,0,0,,,
AutoDeepNPTS,DistributionLoss,0,1,0,0,0,,0,0,1,0,,,
AutoDeepNPTS,GMM,0,1,0,0,0,,0,0,0,0,,,
AutoDeepNPTS,HuberIQLoss,0,1,0,0,0,,0,0,0,0,,,
AutoDeepNPTS,HuberLoss,0,1,0,0,0,,0,0,0,0,,,
AutoDeepNPTS,HuberMQLoss,0,1,0,0,0,,0,0,0,0,,,
AutoDeepNPTS,HuberQLoss,0,1,0,0,0,,0,0,0,1,,,
AutoDeepNPTS,IQLoss,0,1,0,0,0,,0,0,0,0,,,
AutoDeepNPTS,MAE,1,1,0,0,0,,0,0,0,0,,,
AutoDeepNPTS,MAPE,0,1,0,0,0,,0,0,0,0,,,
AutoDeepNPTS,MASE,0,1,0,0,0,,0,0,0,0,,,
AutoDeepNPTS,MQLoss,0,1,0,0,0,,0,0,0,0,,,
AutoDeepNPTS,MSE,0,1,0,0,0,,0,0,0,0,,,
AutoDeepNPTS,NBMM,0,1,0,0,0,,0,0,0,0,,,
AutoDeepNPTS,PMM,0,1,0,0,0,,0,0,0,0,,,
AutoDeepNPTS,QuantileLayer,0,1,0,0,0,,0,0,0,0,,,
AutoDeepNPTS,QuantileLoss,0,1,0,0,0,,0,0,0,1,,,
AutoDeepNPTS,RMSE,0,1,0,0,0,,0,0,0,0,,,
AutoDeepNPTS,SMAPE,0,1,0,0,0,,0,0,0,0,,,
AutoDeepNPTS,TukeyLoss,0,1,0,0,0,,0,0,0,0,,,
AutoDeepNPTS,relMSE,0,1,0,0,0,,0,0,0,0,,,
AutoDeepNPTS,sCRPS,0,1,0,0,0,,0,0,0,0,,,
AutoDilatedRNN,Accuracy,0,1,0,0,0,,0,0,0,0,,,
AutoDilatedRNN,DistributionLoss,0,1,0,0,0,,0,0,1,0,,,
AutoDilatedRNN,GMM,0,1,0,0,0,,0,0,0,0,,,
AutoDilatedRNN,HuberIQLoss,0,1,0,0,0,,0,0,0,0,,,
AutoDilatedRNN,HuberLoss,0,1,0,0,0,,0,0,0,0,,,
AutoDilatedRNN,HuberMQLoss,0,1,0,0,0,,0,0,0,0,,,
AutoDilatedRNN,HuberQLoss,0,1,0,0,0,,0,0,0,1,,,
AutoDilatedRNN,IQLoss,0,1,0,0,0,,0,0,0,0,,,
AutoDilatedRNN,MAE,1,1,0,0,0,,0,0,0,0,,,
AutoDilatedRNN,MAPE,0,1,0,0,0,,0,0,0,0,,,
AutoDilatedRNN,MASE,0,1,0,0,0,,0,0,0,0,,,
AutoDilatedRNN,MQLoss,0,1,0,0,0,,0,0,0,0,,,
AutoDilatedRNN,MSE,0,1,0,0,0,,0,0,0,0,,,
AutoDilatedRNN,NBMM,0,1,0,0,0,,0,0,0,0,,,
AutoDilatedRNN,PMM,0,1,0,0,0,,0,0,0,0,,,
AutoDilatedRNN,QuantileLayer,0,1,0,0,0,,0,0,0,0,,,
AutoDilatedRNN,QuantileLoss,0,1,0,0,0,,0,0,0,1,,,
AutoDilatedRNN,RMSE,0,1,0,0,0,,0,0,0,0,,,
AutoDilatedRNN,SMAPE,0,1,0,0,0,,0,0,0,0,,,
AutoDilatedRNN,TukeyLoss,0,1,0,0,0,,0,0,0,0,,,
AutoDilatedRNN,relMSE,0,1,0,0,0,,0,0,0,0,,,
AutoDilatedRNN,sCRPS,0,1,0,0,0,,0,0,0,0,,,
AutoFEDformer,Accuracy,0,1,0,0,0,,0,0,0,0,,,
AutoFEDformer,DistributionLoss,0,1,0,0,0,,0,0,1,0,,,
AutoFEDformer,GMM,0,1,0,0,0,,0,0,0,0,,,
AutoFEDformer,HuberIQLoss,0,1,0,0,0,,0,0,0,0,,,
AutoFEDformer,HuberLoss,0,1,0,0,0,,0,0,0,0,,,
AutoFEDformer,HuberMQLoss,0,1,0,0,0,,0,0,0,0,,,
AutoFEDformer,HuberQLoss,0,1,0,0,0,,0,0,0,1,,,
AutoFEDformer,IQLoss,0,1,0,0,0,,0,0,0,0,,,
AutoFEDformer,MAE,1,1,0,0,0,,0,0,0,0,,,
AutoFEDformer,MAPE,0,1,0,0,0,,0,0,0,0,,,
AutoFEDformer,MASE,0,1,0,0,0,,0,0,0,0,,,
AutoFEDformer,MQLoss,0,1,0,0,0,,0,0,0,0,,,
AutoFEDformer,MSE,0,1,0,0,0,,0,0,0,0,,,
AutoFEDformer,NBMM,0,1,0,0,0,,0,0,0,0,,,
AutoFEDformer,PMM,0,1,0,0,0,,0,0,0,0,,,
AutoFEDformer,QuantileLayer,0,1,0,0,0,,0,0,0,0,,,
AutoFEDformer,QuantileLoss,0,1,0,0,0,,0,0,0,1,,,
AutoFEDformer,RMSE,0,1,0,0,0,,0,0,0,0,,,
AutoFEDformer,SMAPE,0,1,0,0,0,,0,0,0,0,,,
AutoFEDformer,TukeyLoss,0,1,0,0,0,,0,0,0,0,,,
AutoFEDformer,relMSE,0,1,0,0,0,,0,0,0,0,,,
AutoFEDformer,sCRPS,0,1,0,0,0,,0,0,0,0,,,
AutoGRU,Accuracy,0,1,0,0,0,,0,0,0,0,,,
AutoGRU,DistributionLoss,0,1,0,0,0,,0,0,1,0,,,
AutoGRU,GMM,0,1,0,0,0,,0,0,0,0,,,
AutoGRU,HuberIQLoss,0,1,0,0,0,,0,0,0,0,,,
AutoGRU,HuberLoss,0,1,0,0,0,,0,0,0,0,,,
AutoGRU,HuberMQLoss,0,1,0,0,0,,0,0,0,0,,,
AutoGRU,HuberQLoss,0,1,0,0,0,,0,0,0,1,,,
AutoGRU,IQLoss,0,1,0,0,0,,0,0,0,0,,,
AutoGRU,MAE,1,1,0,0,0,,0,0,0,0,,,
AutoGRU,MAPE,0,1,0,0,0,,0,0,0,0,,,
AutoGRU,MASE,0,1,0,0,0,,0,0,0,0,,,
AutoGRU,MQLoss,0,1,0,0,0,,0,0,0,0,,,
AutoGRU,MSE,0,1,0,0,0,,0,0,0,0,,,
AutoGRU,NBMM,0,1,0,0,0,,0,0,0,0,,,
AutoGRU,PMM,0,1,0,0,0,,0,0,0,0,,,
AutoGRU,QuantileLayer,0,1,0,0,0,,0,0,0,0,,,
AutoGRU,QuantileLoss,0,1,0,0,0,,0,0,0,1,,,
AutoGRU,RMSE,0,1,0,0,0,,0,0,0,0,,,
AutoGRU,SMAPE,0,1,0,0,0,,0,0,0,0,,,
AutoGRU,TukeyLoss,0,1,0,0,0,,0,0,0,0,,,
AutoGRU,relMSE,0,1,0,0,0,,0,0,0,0,,,
AutoGRU,sCRPS,0,1,0,0,0,,0,0,0,0,,,
AutoHINT,Accuracy,0,0,0,1,0,{'cls_model': 'Any'},0,0,0,0,,,'NoneType' object has no attribute 'EXOGENOUS_FUTR'
AutoHINT,DistributionLoss,0,0,0,1,0,{'cls_model': 'Any'},0,0,1,0,,,'NoneType' object has no attribute 'EXOGENOUS_FUTR'
AutoHINT,GMM,0,0,0,1,0,{'cls_model': 'Any'},0,0,0,0,,,'NoneType' object has no attribute 'EXOGENOUS_FUTR'
AutoHINT,HuberIQLoss,0,0,0,1,0,{'cls_model': 'Any'},0,0,0,0,,,'NoneType' object has no attribute 'EXOGENOUS_FUTR'
AutoHINT,HuberLoss,0,0,0,1,0,{'cls_model': 'Any'},0,0,0,0,,,'NoneType' object has no attribute 'EXOGENOUS_FUTR'
AutoHINT,HuberMQLoss,0,0,0,1,0,{'cls_model': 'Any'},0,0,0,0,,,'NoneType' object has no attribute 'EXOGENOUS_FUTR'
AutoHINT,HuberQLoss,0,0,0,1,0,{'cls_model': 'Any'},0,0,0,1,,,'NoneType' object has no attribute 'EXOGENOUS_FUTR'
AutoHINT,IQLoss,0,0,0,1,0,{'cls_model': 'Any'},0,0,0,0,,,'NoneType' object has no attribute 'EXOGENOUS_FUTR'
AutoHINT,MAE,1,0,0,1,0,{'cls_model': 'Any'},0,0,0,0,,,'NoneType' object has no attribute 'EXOGENOUS_FUTR'
AutoHINT,MAPE,0,0,0,1,0,{'cls_model': 'Any'},0,0,0,0,,,'NoneType' object has no attribute 'EXOGENOUS_FUTR'
AutoHINT,MASE,0,0,0,1,0,{'cls_model': 'Any'},0,0,0,0,,,'NoneType' object has no attribute 'EXOGENOUS_FUTR'
AutoHINT,MQLoss,0,0,0,1,0,{'cls_model': 'Any'},0,0,0,0,,,'NoneType' object has no attribute 'EXOGENOUS_FUTR'
AutoHINT,MSE,0,0,0,1,0,{'cls_model': 'Any'},0,0,0,0,,,'NoneType' object has no attribute 'EXOGENOUS_FUTR'
AutoHINT,NBMM,0,0,0,1,0,{'cls_model': 'Any'},0,0,0,0,,,'NoneType' object has no attribute 'EXOGENOUS_FUTR'
AutoHINT,PMM,0,0,0,1,0,{'cls_model': 'Any'},0,0,0,0,,,'NoneType' object has no attribute 'EXOGENOUS_FUTR'
AutoHINT,QuantileLayer,0,0,0,1,0,{'cls_model': 'Any'},0,0,0,0,,,'NoneType' object has no attribute 'EXOGENOUS_FUTR'
AutoHINT,QuantileLoss,0,0,0,1,0,{'cls_model': 'Any'},0,0,0,1,,,'NoneType' object has no attribute 'EXOGENOUS_FUTR'
AutoHINT,RMSE,0,0,0,1,0,{'cls_model': 'Any'},0,0,0,0,,,'NoneType' object has no attribute 'EXOGENOUS_FUTR'
AutoHINT,SMAPE,0,0,0,1,0,{'cls_model': 'Any'},0,0,0,0,,,'NoneType' object has no attribute 'EXOGENOUS_FUTR'
AutoHINT,TukeyLoss,0,0,0,1,0,{'cls_model': 'Any'},0,0,0,0,,,'NoneType' object has no attribute 'EXOGENOUS_FUTR'
AutoHINT,relMSE,0,0,0,1,0,{'cls_model': 'Any'},0,0,0,0,,,'NoneType' object has no attribute 'EXOGENOUS_FUTR'
AutoHINT,sCRPS,0,0,0,1,0,{'cls_model': 'Any'},0,0,0,0,,,'NoneType' object has no attribute 'EXOGENOUS_FUTR'
AutoInformer,Accuracy,0,1,0,0,0,,0,0,0,0,,,
AutoInformer,DistributionLoss,0,1,0,0,0,,0,0,1,0,,,
AutoInformer,GMM,0,1,0,0,0,,0,0,0,0,,,
AutoInformer,HuberIQLoss,0,1,0,0,0,,0,0,0,0,,,
AutoInformer,HuberLoss,0,1,0,0,0,,0,0,0,0,,,
AutoInformer,HuberMQLoss,0,1,0,0,0,,0,0,0,0,,,
AutoInformer,HuberQLoss,0,1,0,0,0,,0,0,0,1,,,
AutoInformer,IQLoss,0,1,0,0,0,,0,0,0,0,,,
AutoInformer,MAE,1,1,0,0,0,,0,0,0,0,,,
AutoInformer,MAPE,0,1,0,0,0,,0,0,0,0,,,
AutoInformer,MASE,0,1,0,0,0,,0,0,0,0,,,
AutoInformer,MQLoss,0,1,0,0,0,,0,0,0,0,,,
AutoInformer,MSE,0,1,0,0,0,,0,0,0,0,,,
AutoInformer,NBMM,0,1,0,0,0,,0,0,0,0,,,
AutoInformer,PMM,0,1,0,0,0,,0,0,0,0,,,
AutoInformer,QuantileLayer,0,1,0,0,0,,0,0,0,0,,,
AutoInformer,QuantileLoss,0,1,0,0,0,,0,0,0,1,,,
AutoInformer,RMSE,0,1,0,0,0,,0,0,0,0,,,
AutoInformer,SMAPE,0,1,0,0,0,,0,0,0,0,,,
AutoInformer,TukeyLoss,0,1,0,0,0,,0,0,0,0,,,
AutoInformer,relMSE,0,1,0,0,0,,0,0,0,0,,,
AutoInformer,sCRPS,0,1,0,0,0,,0,0,0,0,,,
AutoKAN,Accuracy,0,1,0,0,0,,0,0,0,0,,,
AutoKAN,DistributionLoss,0,1,0,0,0,,0,0,1,0,,,
AutoKAN,GMM,0,1,0,0,0,,0,0,0,0,,,
AutoKAN,HuberIQLoss,0,1,0,0,0,,0,0,0,0,,,
AutoKAN,HuberLoss,0,1,0,0,0,,0,0,0,0,,,
AutoKAN,HuberMQLoss,0,1,0,0,0,,0,0,0,0,,,
AutoKAN,HuberQLoss,0,1,0,0,0,,0,0,0,1,,,
AutoKAN,IQLoss,0,1,0,0,0,,0,0,0,0,,,
AutoKAN,MAE,1,1,0,0,0,,0,0,0,0,,,
AutoKAN,MAPE,0,1,0,0,0,,0,0,0,0,,,
AutoKAN,MASE,0,1,0,0,0,,0,0,0,0,,,
AutoKAN,MQLoss,0,1,0,0,0,,0,0,0,0,,,
AutoKAN,MSE,0,1,0,0,0,,0,0,0,0,,,
AutoKAN,NBMM,0,1,0,0,0,,0,0,0,0,,,
AutoKAN,PMM,0,1,0,0,0,,0,0,0,0,,,
AutoKAN,QuantileLayer,0,1,0,0,0,,0,0,0,0,,,
AutoKAN,QuantileLoss,0,1,0,0,0,,0,0,0,1,,,
AutoKAN,RMSE,0,1,0,0,0,,0,0,0,0,,,
AutoKAN,SMAPE,0,1,0,0,0,,0,0,0,0,,,
AutoKAN,TukeyLoss,0,1,0,0,0,,0,0,0,0,,,
AutoKAN,relMSE,0,1,0,0,0,,0,0,0,0,,,
AutoKAN,sCRPS,0,1,0,0,0,,0,0,0,0,,,
AutoLSTM,Accuracy,0,1,0,0,0,,0,0,0,0,,,
AutoLSTM,DistributionLoss,0,1,0,0,0,,0,0,1,0,,,
AutoLSTM,GMM,0,1,0,0,0,,0,0,0,0,,,
AutoLSTM,HuberIQLoss,0,1,0,0,0,,0,0,0,0,,,
AutoLSTM,HuberLoss,0,1,0,0,0,,0,0,0,0,,,
AutoLSTM,HuberMQLoss,0,1,0,0,0,,0,0,0,0,,,
AutoLSTM,HuberQLoss,0,1,0,0,0,,0,0,0,1,,,
AutoLSTM,IQLoss,0,1,0,0,0,,0,0,0,0,,,
AutoLSTM,MAE,1,1,0,0,0,,0,0,0,0,,,
AutoLSTM,MAPE,0,1,0,0,0,,0,0,0,0,,,
AutoLSTM,MASE,0,1,0,0,0,,0,0,0,0,,,
AutoLSTM,MQLoss,0,1,0,0,0,,0,0,0,0,,,
AutoLSTM,MSE,0,1,0,0,0,,0,0,0,0,,,
AutoLSTM,NBMM,0,1,0,0,0,,0,0,0,0,,,
AutoLSTM,PMM,0,1,0,0,0,,0,0,0,0,,,
AutoLSTM,QuantileLayer,0,1,0,0,0,,0,0,0,0,,,
AutoLSTM,QuantileLoss,0,1,0,0,0,,0,0,0,1,,,
AutoLSTM,RMSE,0,1,0,0,0,,0,0,0,0,,,
AutoLSTM,SMAPE,0,1,0,0,0,,0,0,0,0,,,
AutoLSTM,TukeyLoss,0,1,0,0,0,,0,0,0,0,,,
AutoLSTM,relMSE,0,1,0,0,0,,0,0,0,0,,,
AutoLSTM,sCRPS,0,1,0,0,0,,0,0,0,0,,,
AutoMLP,Accuracy,0,1,0,0,0,,0,0,0,0,,,
AutoMLP,DistributionLoss,0,1,0,0,0,,0,0,1,0,,,
AutoMLP,GMM,0,1,0,0,0,,0,0,0,0,,,
AutoMLP,HuberIQLoss,0,1,0,0,0,,0,0,0,0,,,
AutoMLP,HuberLoss,0,1,0,0,0,,0,0,0,0,,,
AutoMLP,HuberMQLoss,0,1,0,0,0,,0,0,0,0,,,
AutoMLP,HuberQLoss,0,1,0,0,0,,0,0,0,1,,,
AutoMLP,IQLoss,0,1,0,0,0,,0,0,0,0,,,
AutoMLP,MAE,1,1,0,0,0,,0,0,0,0,,,
AutoMLP,MAPE,0,1,0,0,0,,0,0,0,0,,,
AutoMLP,MASE,0,1,0,0,0,,0,0,0,0,,,
AutoMLP,MQLoss,0,1,0,0,0,,0,0,0,0,,,
AutoMLP,MSE,0,1,0,0,0,,0,0,0,0,,,
AutoMLP,NBMM,0,1,0,0,0,,0,0,0,0,,,
AutoMLP,PMM,0,1,0,0,0,,0,0,0,0,,,
AutoMLP,QuantileLayer,0,1,0,0,0,,0,0,0,0,,,
AutoMLP,QuantileLoss,0,1,0,0,0,,0,0,0,1,,,
AutoMLP,RMSE,0,1,0,0,0,,0,0,0,0,,,
AutoMLP,SMAPE,0,1,0,0,0,,0,0,0,0,,,
AutoMLP,TukeyLoss,0,1,0,0,0,,0,0,0,0,,,
AutoMLP,relMSE,0,1,0,0,0,,0,0,0,0,,,
AutoMLP,sCRPS,0,1,0,0,0,,0,0,0,0,,,
AutoMLPMultivariate,Accuracy,0,1,1,0,0,,0,0,0,0,,2.0,
AutoMLPMultivariate,DistributionLoss,0,1,1,0,0,,0,0,1,0,,2.0,
AutoMLPMultivariate,GMM,0,1,1,0,0,,0,0,0,0,,2.0,
AutoMLPMultivariate,HuberIQLoss,0,1,1,0,0,,0,0,0,0,,2.0,
AutoMLPMultivariate,HuberLoss,0,1,1,0,0,,0,0,0,0,,2.0,
AutoMLPMultivariate,HuberMQLoss,0,1,1,0,0,,0,0,0,0,,2.0,
AutoMLPMultivariate,HuberQLoss,0,1,1,0,0,,0,0,0,1,,2.0,
AutoMLPMultivariate,IQLoss,0,1,1,0,0,,0,0,0,0,,2.0,
AutoMLPMultivariate,MAE,1,1,1,0,0,,0,0,0,0,,2.0,
AutoMLPMultivariate,MAPE,0,1,1,0,0,,0,0,0,0,,2.0,
AutoMLPMultivariate,MASE,0,1,1,0,0,,0,0,0,0,,2.0,
AutoMLPMultivariate,MQLoss,0,1,1,0,0,,0,0,0,0,,2.0,
AutoMLPMultivariate,MSE,0,1,1,0,0,,0,0,0,0,,2.0,
AutoMLPMultivariate,NBMM,0,1,1,0,0,,0,0,0,0,,2.0,
AutoMLPMultivariate,PMM,0,1,1,0,0,,0,0,0,0,,2.0,
AutoMLPMultivariate,QuantileLayer,0,1,1,0,0,,0,0,0,0,,2.0,
AutoMLPMultivariate,QuantileLoss,0,1,1,0,0,,0,0,0,1,,2.0,
AutoMLPMultivariate,RMSE,0,1,1,0,0,,0,0,0,0,,2.0,
AutoMLPMultivariate,SMAPE,0,1,1,0,0,,0,0,0,0,,2.0,
AutoMLPMultivariate,TukeyLoss,0,1,1,0,0,,0,0,0,0,,2.0,
AutoMLPMultivariate,relMSE,0,1,1,0,0,,0,0,0,0,,2.0,
AutoMLPMultivariate,sCRPS,0,1,1,0,0,,0,0,0,0,,2.0,
AutoNBEATS,Accuracy,0,1,0,0,0,,0,0,0,0,,,
AutoNBEATS,DistributionLoss,0,1,0,0,0,,0,0,1,0,,,
AutoNBEATS,GMM,0,1,0,0,0,,0,0,0,0,,,
AutoNBEATS,HuberIQLoss,0,1,0,0,0,,0,0,0,0,,,
AutoNBEATS,HuberLoss,0,1,0,0,0,,0,0,0,0,,,
AutoNBEATS,HuberMQLoss,0,1,0,0,0,,0,0,0,0,,,
AutoNBEATS,HuberQLoss,0,1,0,0,0,,0,0,0,1,,,
AutoNBEATS,IQLoss,0,1,0,0,0,,0,0,0,0,,,
AutoNBEATS,MAE,1,1,0,0,0,,0,0,0,0,,,
AutoNBEATS,MAPE,0,1,0,0,0,,0,0,0,0,,,
AutoNBEATS,MASE,0,1,0,0,0,,0,0,0,0,,,
AutoNBEATS,MQLoss,0,1,0,0,0,,0,0,0,0,,,
AutoNBEATS,MSE,0,1,0,0,0,,0,0,0,0,,,
AutoNBEATS,NBMM,0,1,0,0,0,,0,0,0,0,,,
AutoNBEATS,PMM,0,1,0,0,0,,0,0,0,0,,,
AutoNBEATS,QuantileLayer,0,1,0,0,0,,0,0,0,0,,,
AutoNBEATS,QuantileLoss,0,1,0,0,0,,0,0,0,1,,,
AutoNBEATS,RMSE,0,1,0,0,0,,0,0,0,0,,,
AutoNBEATS,SMAPE,0,1,0,0,0,,0,0,0,0,,,
AutoNBEATS,TukeyLoss,0,1,0,0,0,,0,0,0,0,,,
AutoNBEATS,relMSE,0,1,0,0,0,,0,0,0,0,,,
AutoNBEATS,sCRPS,0,1,0,0,0,,0,0,0,0,,,
AutoNBEATSx,Accuracy,0,1,0,0,0,,0,0,0,0,,,
AutoNBEATSx,DistributionLoss,0,1,0,0,0,,0,0,1,0,,,
AutoNBEATSx,GMM,0,1,0,0,0,,0,0,0,0,,,
AutoNBEATSx,HuberIQLoss,0,1,0,0,0,,0,0,0,0,,,
AutoNBEATSx,HuberLoss,0,1,0,0,0,,0,0,0,0,,,
AutoNBEATSx,HuberMQLoss,0,1,0,0,0,,0,0,0,0,,,
AutoNBEATSx,HuberQLoss,0,1,0,0,0,,0,0,0,1,,,
AutoNBEATSx,IQLoss,0,1,0,0,0,,0,0,0,0,,,
AutoNBEATSx,MAE,1,1,0,0,0,,0,0,0,0,,,
AutoNBEATSx,MAPE,0,1,0,0,0,,0,0,0,0,,,
AutoNBEATSx,MASE,0,1,0,0,0,,0,0,0,0,,,
AutoNBEATSx,MQLoss,0,1,0,0,0,,0,0,0,0,,,
AutoNBEATSx,MSE,0,1,0,0,0,,0,0,0,0,,,
AutoNBEATSx,NBMM,0,1,0,0,0,,0,0,0,0,,,
AutoNBEATSx,PMM,0,1,0,0,0,,0,0,0,0,,,
AutoNBEATSx,QuantileLayer,0,1,0,0,0,,0,0,0,0,,,
AutoNBEATSx,QuantileLoss,0,1,0,0,0,,0,0,0,1,,,
AutoNBEATSx,RMSE,0,1,0,0,0,,0,0,0,0,,,
AutoNBEATSx,SMAPE,0,1,0,0,0,,0,0,0,0,,,
AutoNBEATSx,TukeyLoss,0,1,0,0,0,,0,0,0,0,,,
AutoNBEATSx,relMSE,0,1,0,0,0,,0,0,0,0,,,
AutoNBEATSx,sCRPS,0,1,0,0,0,,0,0,0,0,,,
AutoNHITS,Accuracy,0,1,0,0,0,,0,0,0,0,,,
AutoNHITS,DistributionLoss,0,1,0,0,0,,0,0,1,0,,,
AutoNHITS,GMM,0,1,0,0,0,,0,0,0,0,,,
AutoNHITS,HuberIQLoss,0,1,0,0,0,,0,0,0,0,,,
AutoNHITS,HuberLoss,0,1,0,0,0,,0,0,0,0,,,
AutoNHITS,HuberMQLoss,0,1,0,0,0,,0,0,0,0,,,
AutoNHITS,HuberQLoss,0,1,0,0,0,,0,0,0,1,,,
AutoNHITS,IQLoss,0,1,0,0,0,,0,0,0,0,,,
AutoNHITS,MAE,1,1,0,0,0,,0,0,0,0,,,
AutoNHITS,MAPE,0,1,0,0,0,,0,0,0,0,,,
AutoNHITS,MASE,0,1,0,0,0,,0,0,0,0,,,
AutoNHITS,MQLoss,0,1,0,0,0,,0,0,0,0,,,
AutoNHITS,MSE,0,1,0,0,0,,0,0,0,0,,,
AutoNHITS,NBMM,0,1,0,0,0,,0,0,0,0,,,
AutoNHITS,PMM,0,1,0,0,0,,0,0,0,0,,,
AutoNHITS,QuantileLayer,0,1,0,0,0,,0,0,0,0,,,
AutoNHITS,QuantileLoss,0,1,0,0,0,,0,0,0,1,,,
AutoNHITS,RMSE,0,1,0,0,0,,0,0,0,0,,,
AutoNHITS,SMAPE,0,1,0,0,0,,0,0,0,0,,,
AutoNHITS,TukeyLoss,0,1,0,0,0,,0,0,0,0,,,
AutoNHITS,relMSE,0,1,0,0,0,,0,0,0,0,,,
AutoNHITS,sCRPS,0,1,0,0,0,,0,0,0,0,,,
AutoNLinear,Accuracy,0,1,0,0,0,,0,0,0,0,,,
AutoNLinear,DistributionLoss,0,1,0,0,0,,0,0,1,0,,,
AutoNLinear,GMM,0,1,0,0,0,,0,0,0,0,,,
AutoNLinear,HuberIQLoss,0,1,0,0,0,,0,0,0,0,,,
AutoNLinear,HuberLoss,0,1,0,0,0,,0,0,0,0,,,
AutoNLinear,HuberMQLoss,0,1,0,0,0,,0,0,0,0,,,
AutoNLinear,HuberQLoss,0,1,0,0,0,,0,0,0,1,,,
AutoNLinear,IQLoss,0,1,0,0,0,,0,0,0,0,,,
AutoNLinear,MAE,1,1,0,0,0,,0,0,0,0,,,
AutoNLinear,MAPE,0,1,0,0,0,,0,0,0,0,,,
AutoNLinear,MASE,0,1,0,0,0,,0,0,0,0,,,
AutoNLinear,MQLoss,0,1,0,0,0,,0,0,0,0,,,
AutoNLinear,MSE,0,1,0,0,0,,0,0,0,0,,,
AutoNLinear,NBMM,0,1,0,0,0,,0,0,0,0,,,
AutoNLinear,PMM,0,1,0,0,0,,0,0,0,0,,,
AutoNLinear,QuantileLayer,0,1,0,0,0,,0,0,0,0,,,
AutoNLinear,QuantileLoss,0,1,0,0,0,,0,0,0,1,,,
AutoNLinear,RMSE,0,1,0,0,0,,0,0,0,0,,,
AutoNLinear,SMAPE,0,1,0,0,0,,0,0,0,0,,,
AutoNLinear,TukeyLoss,0,1,0,0,0,,0,0,0,0,,,
AutoNLinear,relMSE,0,1,0,0,0,,0,0,0,0,,,
AutoNLinear,sCRPS,0,1,0,0,0,,0,0,0,0,,,
AutoPatchTST,Accuracy,0,1,0,0,0,,0,0,0,0,8,,
AutoPatchTST,DistributionLoss,0,1,0,0,0,,0,0,1,0,8,,
AutoPatchTST,GMM,0,1,0,0,0,,0,0,0,0,8,,
AutoPatchTST,HuberIQLoss,0,1,0,0,0,,0,0,0,0,8,,
AutoPatchTST,HuberLoss,0,1,0,0,0,,0,0,0,0,8,,
AutoPatchTST,HuberMQLoss,0,1,0,0,0,,0,0,0,0,8,,
AutoPatchTST,HuberQLoss,0,1,0,0,0,,0,0,0,1,8,,
AutoPatchTST,IQLoss,0,1,0,0,0,,0,0,0,0,8,,
AutoPatchTST,MAE,1,1,0,0,0,,0,0,0,0,8,,
AutoPatchTST,MAPE,0,1,0,0,0,,0,0,0,0,8,,
AutoPatchTST,MASE,0,1,0,0,0,,0,0,0,0,8,,
AutoPatchTST,MQLoss,0,1,0,0,0,,0,0,0,0,8,,
AutoPatchTST,MSE,0,1,0,0,0,,0,0,0,0,8,,
AutoPatchTST,NBMM,0,1,0,0,0,,0,0,0,0,8,,
AutoPatchTST,PMM,0,1,0,0,0,,0,0,0,0,8,,
AutoPatchTST,QuantileLayer,0,1,0,0,0,,0,0,0,0,8,,
AutoPatchTST,QuantileLoss,0,1,0,0,0,,0,0,0,1,8,,
AutoPatchTST,RMSE,0,1,0,0,0,,0,0,0,0,8,,
AutoPatchTST,SMAPE,0,1,0,0,0,,0,0,0,0,8,,
AutoPatchTST,TukeyLoss,0,1,0,0,0,,0,0,0,0,8,,
AutoPatchTST,relMSE,0,1,0,0,0,,0,0,0,0,8,,
AutoPatchTST,sCRPS,0,1,0,0,0,,0,0,0,0,8,,
AutoRMoK,Accuracy,0,1,1,0,0,,0,0,0,0,,2.0,
AutoRMoK,DistributionLoss,0,1,1,0,0,,0,0,1,0,,2.0,
AutoRMoK,GMM,0,1,1,0,0,,0,0,0,0,,2.0,
AutoRMoK,HuberIQLoss,0,1,1,0,0,,0,0,0,0,,2.0,
AutoRMoK,HuberLoss,0,1,1,0,0,,0,0,0,0,,2.0,
AutoRMoK,HuberMQLoss,0,1,1,0,0,,0,0,0,0,,2.0,
AutoRMoK,HuberQLoss,0,1,1,0,0,,0,0,0,1,,2.0,
AutoRMoK,IQLoss,0,1,1,0,0,,0,0,0,0,,2.0,
AutoRMoK,MAE,1,1,1,0,0,,0,0,0,0,,2.0,
AutoRMoK,MAPE,0,1,1,0,0,,0,0,0,0,,2.0,
AutoRMoK,MASE,0,1,1,0,0,,0,0,0,0,,2.0,
AutoRMoK,MQLoss,0,1,1,0,0,,0,0,0,0,,2.0,
AutoRMoK,MSE,0,1,1,0,0,,0,0,0,0,,2.0,
AutoRMoK,NBMM,0,1,1,0,0,,0,0,0,0,,2.0,
AutoRMoK,PMM,0,1,1,0,0,,0,0,0,0,,2.0,
AutoRMoK,QuantileLayer,0,1,1,0,0,,0,0,0,0,,2.0,
AutoRMoK,QuantileLoss,0,1,1,0,0,,0,0,0,1,,2.0,
AutoRMoK,RMSE,0,1,1,0,0,,0,0,0,0,,2.0,
AutoRMoK,SMAPE,0,1,1,0,0,,0,0,0,0,,2.0,
AutoRMoK,TukeyLoss,0,1,1,0,0,,0,0,0,0,,2.0,
AutoRMoK,relMSE,0,1,1,0,0,,0,0,0,0,,2.0,
AutoRMoK,sCRPS,0,1,1,0,0,,0,0,0,0,,2.0,
AutoRNN,Accuracy,0,1,0,0,0,,0,0,0,0,,,
AutoRNN,DistributionLoss,0,1,0,0,0,,0,0,1,0,,,
AutoRNN,GMM,0,1,0,0,0,,0,0,0,0,,,
AutoRNN,HuberIQLoss,0,1,0,0,0,,0,0,0,0,,,
AutoRNN,HuberLoss,0,1,0,0,0,,0,0,0,0,,,
AutoRNN,HuberMQLoss,0,1,0,0,0,,0,0,0,0,,,
AutoRNN,HuberQLoss,0,1,0,0,0,,0,0,0,1,,,
AutoRNN,IQLoss,0,1,0,0,0,,0,0,0,0,,,
AutoRNN,MAE,1,1,0,0,0,,0,0,0,0,,,
AutoRNN,MAPE,0,1,0,0,0,,0,0,0,0,,,
AutoRNN,MASE,0,1,0,0,0,,0,0,0,0,,,
AutoRNN,MQLoss,0,1,0,0,0,,0,0,0,0,,,
AutoRNN,MSE,0,1,0,0,0,,0,0,0,0,,,
AutoRNN,NBMM,0,1,0,0,0,,0,0,0,0,,,
AutoRNN,PMM,0,1,0,0,0,,0,0,0,0,,,
AutoRNN,QuantileLayer,0,1,0,0,0,,0,0,0,0,,,
AutoRNN,QuantileLoss,0,1,0,0,0,,0,0,0,1,,,
AutoRNN,RMSE,0,1,0,0,0,,0,0,0,0,,,
AutoRNN,SMAPE,0,1,0,0,0,,0,0,0,0,,,
AutoRNN,TukeyLoss,0,1,0,0,0,,0,0,0,0,,,
AutoRNN,relMSE,0,1,0,0,0,,0,0,0,0,,,
AutoRNN,sCRPS,0,1,0,0,0,,0,0,0,0,,,
AutoSOFTS,Accuracy,0,1,1,0,0,,0,0,0,0,,2.0,
AutoSOFTS,DistributionLoss,0,1,1,0,0,,0,0,1,0,,2.0,
AutoSOFTS,GMM,0,1,1,0,0,,0,0,0,0,,2.0,
AutoSOFTS,HuberIQLoss,0,1,1,0,0,,0,0,0,0,,2.0,
AutoSOFTS,HuberLoss,0,1,1,0,0,,0,0,0,0,,2.0,
AutoSOFTS,HuberMQLoss,0,1,1,0,0,,0,0,0,0,,2.0,
AutoSOFTS,HuberQLoss,0,1,1,0,0,,0,0,0,1,,2.0,
AutoSOFTS,IQLoss,0,1,1,0,0,,0,0,0,0,,2.0,
AutoSOFTS,MAE,1,1,1,0,0,,0,0,0,0,,2.0,
AutoSOFTS,MAPE,0,1,1,0,0,,0,0,0,0,,2.0,
AutoSOFTS,MASE,0,1,1,0,0,,0,0,0,0,,2.0,
AutoSOFTS,MQLoss,0,1,1,0,0,,0,0,0,0,,2.0,
AutoSOFTS,MSE,0,1,1,0,0,,0,0,0,0,,2.0,
AutoSOFTS,NBMM,0,1,1,0,0,,0,0,0,0,,2.0,
AutoSOFTS,PMM,0,1,1,0,0,,0,0,0,0,,2.0,
AutoSOFTS,QuantileLayer,0,1,1,0,0,,0,0,0,0,,2.0,
AutoSOFTS,QuantileLoss,0,1,1,0,0,,0,0,0,1,,2.0,
AutoSOFTS,RMSE,0,1,1,0,0,,0,0,0,0,,2.0,
AutoSOFTS,SMAPE,0,1,1,0,0,,0,0,0,0,,2.0,
AutoSOFTS,TukeyLoss,0,1,1,0,0,,0,0,0,0,,2.0,
AutoSOFTS,relMSE,0,1,1,0,0,,0,0,0,0,,2.0,
AutoSOFTS,sCRPS,0,1,1,0,0,,0,0,0,0,,2.0,
AutoStemGNN,Accuracy,0,1,1,0,0,,0,0,0,0,,2.0,
AutoStemGNN,DistributionLoss,0,1,1,0,0,,0,0,1,0,,2.0,
AutoStemGNN,GMM,0,1,1,0,0,,0,0,0,0,,2.0,
AutoStemGNN,HuberIQLoss,0,1,1,0,0,,0,0,0,0,,2.0,
AutoStemGNN,HuberLoss,0,1,1,0,0,,0,0,0,0,,2.0,
AutoStemGNN,HuberMQLoss,0,1,1,0,0,,0,0,0,0,,2.0,
AutoStemGNN,HuberQLoss,0,1,1,0,0,,0,0,0,1,,2.0,
AutoStemGNN,IQLoss,0,1,1,0,0,,0,0,0,0,,2.0,
AutoStemGNN,MAE,1,1,1,0,0,,0,0,0,0,,2.0,
AutoStemGNN,MAPE,0,1,1,0,0,,0,0,0,0,,2.0,
AutoStemGNN,MASE,0,1,1,0,0,,0,0,0,0,,2.0,
AutoStemGNN,MQLoss,0,1,1,0,0,,0,0,0,0,,2.0,
AutoStemGNN,MSE,0,1,1,0,0,,0,0,0,0,,2.0,
AutoStemGNN,NBMM,0,1,1,0,0,,0,0,0,0,,2.0,
AutoStemGNN,PMM,0,1,1,0,0,,0,0,0,0,,2.0,
AutoStemGNN,QuantileLayer,0,1,1,0,0,,0,0,0,0,,2.0,
AutoStemGNN,QuantileLoss,0,1,1,0,0,,0,0,0,1,,2.0,
AutoStemGNN,RMSE,0,1,1,0,0,,0,0,0,0,,2.0,
AutoStemGNN,SMAPE,0,1,1,0,0,,0,0,0,0,,2.0,
AutoStemGNN,TukeyLoss,0,1,1,0,0,,0,0,0,0,,2.0,
AutoStemGNN,relMSE,0,1,1,0,0,,0,0,0,0,,2.0,
AutoStemGNN,sCRPS,0,1,1,0,0,,0,0,0,0,,2.0,
AutoTCN,Accuracy,0,1,0,0,0,,0,0,0,0,,,
AutoTCN,DistributionLoss,0,1,0,0,0,,0,0,1,0,,,
AutoTCN,GMM,0,1,0,0,0,,0,0,0,0,,,
AutoTCN,HuberIQLoss,0,1,0,0,0,,0,0,0,0,,,
AutoTCN,HuberLoss,0,1,0,0,0,,0,0,0,0,,,
AutoTCN,HuberMQLoss,0,1,0,0,0,,0,0,0,0,,,
AutoTCN,HuberQLoss,0,1,0,0,0,,0,0,0,1,,,
AutoTCN,IQLoss,0,1,0,0,0,,0,0,0,0,,,
AutoTCN,MAE,1,1,0,0,0,,0,0,0,0,,,
AutoTCN,MAPE,0,1,0,0,0,,0,0,0,0,,,
AutoTCN,MASE,0,1,0,0,0,,0,0,0,0,,,
AutoTCN,MQLoss,0,1,0,0,0,,0,0,0,0,,,
AutoTCN,MSE,0,1,0,0,0,,0,0,0,0,,,
AutoTCN,NBMM,0,1,0,0,0,,0,0,0,0,,,
AutoTCN,PMM,0,1,0,0,0,,0,0,0,0,,,
AutoTCN,QuantileLayer,0,1,0,0,0,,0,0,0,0,,,
AutoTCN,QuantileLoss,0,1,0,0,0,,0,0,0,1,,,
AutoTCN,RMSE,0,1,0,0,0,,0,0,0,0,,,
AutoTCN,SMAPE,0,1,0,0,0,,0,0,0,0,,,
AutoTCN,TukeyLoss,0,1,0,0,0,,0,0,0,0,,,
AutoTCN,relMSE,0,1,0,0,0,,0,0,0,0,,,
AutoTCN,sCRPS,0,1,0,0,0,,0,0,0,0,,,
AutoTFT,Accuracy,0,1,0,0,0,,0,0,0,0,,,
AutoTFT,DistributionLoss,0,1,0,0,0,,0,0,1,0,,,
AutoTFT,GMM,0,1,0,0,0,,0,0,0,0,,,
AutoTFT,HuberIQLoss,0,1,0,0,0,,0,0,0,0,,,
AutoTFT,HuberLoss,0,1,0,0,0,,0,0,0,0,,,
AutoTFT,HuberMQLoss,0,1,0,0,0,,0,0,0,0,,,
AutoTFT,HuberQLoss,0,1,0,0,0,,0,0,0,1,,,
AutoTFT,IQLoss,0,1,0,0,0,,0,0,0,0,,,
AutoTFT,MAE,1,1,0,0,0,,0,0,0,0,,,
AutoTFT,MAPE,0,1,0,0,0,,0,0,0,0,,,
AutoTFT,MASE,0,1,0,0,0,,0,0,0,0,,,
AutoTFT,MQLoss,0,1,0,0,0,,0,0,0,0,,,
AutoTFT,MSE,0,1,0,0,0,,0,0,0,0,,,
AutoTFT,NBMM,0,1,0,0,0,,0,0,0,0,,,
AutoTFT,PMM,0,1,0,0,0,,0,0,0,0,,,
AutoTFT,QuantileLayer,0,1,0,0,0,,0,0,0,0,,,
AutoTFT,QuantileLoss,0,1,0,0,0,,0,0,0,1,,,
AutoTFT,RMSE,0,1,0,0,0,,0,0,0,0,,,
AutoTFT,SMAPE,0,1,0,0,0,,0,0,0,0,,,
AutoTFT,TukeyLoss,0,1,0,0,0,,0,0,0,0,,,
AutoTFT,relMSE,0,1,0,0,0,,0,0,0,0,,,
AutoTFT,sCRPS,0,1,0,0,0,,0,0,0,0,,,
AutoTSMixer,Accuracy,0,1,1,0,0,,0,0,0,0,,2.0,
AutoTSMixer,DistributionLoss,0,1,1,0,0,,0,0,1,0,,2.0,
AutoTSMixer,GMM,0,1,1,0,0,,0,0,0,0,,2.0,
AutoTSMixer,HuberIQLoss,0,1,1,0,0,,0,0,0,0,,2.0,
AutoTSMixer,HuberLoss,0,1,1,0,0,,0,0,0,0,,2.0,
AutoTSMixer,HuberMQLoss,0,1,1,0,0,,0,0,0,0,,2.0,
AutoTSMixer,HuberQLoss,0,1,1,0,0,,0,0,0,1,,2.0,
AutoTSMixer,IQLoss,0,1,1,0,0,,0,0,0,0,,2.0,
AutoTSMixer,MAE,1,1,1,0,0,,0,0,0,0,,2.0,
AutoTSMixer,MAPE,0,1,1,0,0,,0,0,0,0,,2.0,
AutoTSMixer,MASE,0,1,1,0,0,,0,0,0,0,,2.0,
AutoTSMixer,MQLoss,0,1,1,0,0,,0,0,0,0,,2.0,
AutoTSMixer,MSE,0,1,1,0,0,,0,0,0,0,,2.0,
AutoTSMixer,NBMM,0,1,1,0,0,,0,0,0,0,,2.0,
AutoTSMixer,PMM,0,1,1,0,0,,0,0,0,0,,2.0,
AutoTSMixer,QuantileLayer,0,1,1,0,0,,0,0,0,0,,2.0,
AutoTSMixer,QuantileLoss,0,1,1,0,0,,0,0,0,1,,2.0,
AutoTSMixer,RMSE,0,1,1,0,0,,0,0,0,0,,2.0,
AutoTSMixer,SMAPE,0,1,1,0,0,,0,0,0,0,,2.0,
AutoTSMixer,TukeyLoss,0,1,1,0,0,,0,0,0,0,,2.0,
AutoTSMixer,relMSE,0,1,1,0,0,,0,0,0,0,,2.0,
AutoTSMixer,sCRPS,0,1,1,0,0,,0,0,0,0,,2.0,
AutoTSMixerx,Accuracy,0,1,1,0,0,,0,0,0,0,,2.0,
AutoTSMixerx,DistributionLoss,0,1,1,0,0,,0,0,1,0,,2.0,
AutoTSMixerx,GMM,0,1,1,0,0,,0,0,0,0,,2.0,
AutoTSMixerx,HuberIQLoss,0,1,1,0,0,,0,0,0,0,,2.0,
AutoTSMixerx,HuberLoss,0,1,1,0,0,,0,0,0,0,,2.0,
AutoTSMixerx,HuberMQLoss,0,1,1,0,0,,0,0,0,0,,2.0,
AutoTSMixerx,HuberQLoss,0,1,1,0,0,,0,0,0,1,,2.0,
AutoTSMixerx,IQLoss,0,1,1,0,0,,0,0,0,0,,2.0,
AutoTSMixerx,MAE,1,1,1,0,0,,0,0,0,0,,2.0,
AutoTSMixerx,MAPE,0,1,1,0,0,,0,0,0,0,,2.0,
AutoTSMixerx,MASE,0,1,1,0,0,,0,0,0,0,,2.0,
AutoTSMixerx,MQLoss,0,1,1,0,0,,0,0,0,0,,2.0,
AutoTSMixerx,MSE,0,1,1,0,0,,0,0,0,0,,2.0,
AutoTSMixerx,NBMM,0,1,1,0,0,,0,0,0,0,,2.0,
AutoTSMixerx,PMM,0,1,1,0,0,,0,0,0,0,,2.0,
AutoTSMixerx,QuantileLayer,0,1,1,0,0,,0,0,0,0,,2.0,
AutoTSMixerx,QuantileLoss,0,1,1,0,0,,0,0,0,1,,2.0,
AutoTSMixerx,RMSE,0,1,1,0,0,,0,0,0,0,,2.0,
AutoTSMixerx,SMAPE,0,1,1,0,0,,0,0,0,0,,2.0,
AutoTSMixerx,TukeyLoss,0,1,1,0,0,,0,0,0,0,,2.0,
AutoTSMixerx,relMSE,0,1,1,0,0,,0,0,0,0,,2.0,
AutoTSMixerx,sCRPS,0,1,1,0,0,,0,0,0,0,,2.0,
AutoTiDE,Accuracy,0,1,0,0,0,,0,0,0,0,,,
AutoTiDE,DistributionLoss,0,1,0,0,0,,0,0,1,0,,,
AutoTiDE,GMM,0,1,0,0,0,,0,0,0,0,,,
AutoTiDE,HuberIQLoss,0,1,0,0,0,,0,0,0,0,,,
AutoTiDE,HuberLoss,0,1,0,0,0,,0,0,0,0,,,
AutoTiDE,HuberMQLoss,0,1,0,0,0,,0,0,0,0,,,
AutoTiDE,HuberQLoss,0,1,0,0,0,,0,0,0,1,,,
AutoTiDE,IQLoss,0,1,0,0,0,,0,0,0,0,,,
AutoTiDE,MAE,1,1,0,0,0,,0,0,0,0,,,
AutoTiDE,MAPE,0,1,0,0,0,,0,0,0,0,,,
AutoTiDE,MASE,0,1,0,0,0,,0,0,0,0,,,
AutoTiDE,MQLoss,0,1,0,0,0,,0,0,0,0,,,
AutoTiDE,MSE,0,1,0,0,0,,0,0,0,0,,,
AutoTiDE,NBMM,0,1,0,0,0,,0,0,0,0,,,
AutoTiDE,PMM,0,1,0,0,0,,0,0,0,0,,,
AutoTiDE,QuantileLayer,0,1,0,0,0,,0,0,0,0,,,
AutoTiDE,QuantileLoss,0,1,0,0,0,,0,0,0,1,,,
AutoTiDE,RMSE,0,1,0,0,0,,0,0,0,0,,,
AutoTiDE,SMAPE,0,1,0,0,0,,0,0,0,0,,,
AutoTiDE,TukeyLoss,0,1,0,0,0,,0,0,0,0,,,
AutoTiDE,relMSE,0,1,0,0,0,,0,0,0,0,,,
AutoTiDE,sCRPS,0,1,0,0,0,,0,0,0,0,,,
AutoTimeMixer,Accuracy,0,1,1,0,0,,0,0,0,0,,2.0,
AutoTimeMixer,DistributionLoss,0,1,1,0,0,,0,0,1,0,,2.0,
AutoTimeMixer,GMM,0,1,1,0,0,,0,0,0,0,,2.0,
AutoTimeMixer,HuberIQLoss,0,1,1,0,0,,0,0,0,0,,2.0,
AutoTimeMixer,HuberLoss,0,1,1,0,0,,0,0,0,0,,2.0,
AutoTimeMixer,HuberMQLoss,0,1,1,0,0,,0,0,0,0,,2.0,
AutoTimeMixer,HuberQLoss,0,1,1,0,0,,0,0,0,1,,2.0,
AutoTimeMixer,IQLoss,0,1,1,0,0,,0,0,0,0,,2.0,
AutoTimeMixer,MAE,1,1,1,0,0,,0,0,0,0,,2.0,
AutoTimeMixer,MAPE,0,1,1,0,0,,0,0,0,0,,2.0,
AutoTimeMixer,MASE,0,1,1,0,0,,0,0,0,0,,2.0,
AutoTimeMixer,MQLoss,0,1,1,0,0,,0,0,0,0,,2.0,
AutoTimeMixer,MSE,0,1,1,0,0,,0,0,0,0,,2.0,
AutoTimeMixer,NBMM,0,1,1,0,0,,0,0,0,0,,2.0,
AutoTimeMixer,PMM,0,1,1,0,0,,0,0,0,0,,2.0,
AutoTimeMixer,QuantileLayer,0,1,1,0,0,,0,0,0,0,,2.0,
AutoTimeMixer,QuantileLoss,0,1,1,0,0,,0,0,0,1,,2.0,
AutoTimeMixer,RMSE,0,1,1,0,0,,0,0,0,0,,2.0,
AutoTimeMixer,SMAPE,0,1,1,0,0,,0,0,0,0,,2.0,
AutoTimeMixer,TukeyLoss,0,1,1,0,0,,0,0,0,0,,2.0,
AutoTimeMixer,relMSE,0,1,1,0,0,,0,0,0,0,,2.0,
AutoTimeMixer,sCRPS,0,1,1,0,0,,0,0,0,0,,2.0,
AutoTimeXer,Accuracy,0,1,1,0,0,,0,0,0,0,8,2.0,
AutoTimeXer,DistributionLoss,0,1,1,0,0,,0,0,1,0,8,2.0,
AutoTimeXer,GMM,0,1,1,0,0,,0,0,0,0,8,2.0,
AutoTimeXer,HuberIQLoss,0,1,1,0,0,,0,0,0,0,8,2.0,
AutoTimeXer,HuberLoss,0,1,1,0,0,,0,0,0,0,8,2.0,
AutoTimeXer,HuberMQLoss,0,1,1,0,0,,0,0,0,0,8,2.0,
AutoTimeXer,HuberQLoss,0,1,1,0,0,,0,0,0,1,8,2.0,
AutoTimeXer,IQLoss,0,1,1,0,0,,0,0,0,0,8,2.0,
AutoTimeXer,MAE,1,1,1,0,0,,0,0,0,0,8,2.0,
AutoTimeXer,MAPE,0,1,1,0,0,,0,0,0,0,8,2.0,
AutoTimeXer,MASE,0,1,1,0,0,,0,0,0,0,8,2.0,
AutoTimeXer,MQLoss,0,1,1,0,0,,0,0,0,0,8,2.0,
AutoTimeXer,MSE,0,1,1,0,0,,0,0,0,0,8,2.0,
AutoTimeXer,NBMM,0,1,1,0,0,,0,0,0,0,8,2.0,
AutoTimeXer,PMM,0,1,1,0,0,,0,0,0,0,8,2.0,
AutoTimeXer,QuantileLayer,0,1,1,0,0,,0,0,0,0,8,2.0,
AutoTimeXer,QuantileLoss,0,1,1,0,0,,0,0,0,1,8,2.0,
AutoTimeXer,RMSE,0,1,1,0,0,,0,0,0,0,8,2.0,
AutoTimeXer,SMAPE,0,1,1,0,0,,0,0,0,0,8,2.0,
AutoTimeXer,TukeyLoss,0,1,1,0,0,,0,0,0,0,8,2.0,
AutoTimeXer,relMSE,0,1,1,0,0,,0,0,0,0,8,2.0,
AutoTimeXer,sCRPS,0,1,1,0,0,,0,0,0,0,8,2.0,
AutoTimesNet,Accuracy,0,1,0,0,0,,0,0,0,0,,,
AutoTimesNet,DistributionLoss,0,1,0,0,0,,0,0,1,0,,,
AutoTimesNet,GMM,0,1,0,0,0,,0,0,0,0,,,
AutoTimesNet,HuberIQLoss,0,1,0,0,0,,0,0,0,0,,,
AutoTimesNet,HuberLoss,0,1,0,0,0,,0,0,0,0,,,
AutoTimesNet,HuberMQLoss,0,1,0,0,0,,0,0,0,0,,,
AutoTimesNet,HuberQLoss,0,1,0,0,0,,0,0,0,1,,,
AutoTimesNet,IQLoss,0,1,0,0,0,,0,0,0,0,,,
AutoTimesNet,MAE,1,1,0,0,0,,0,0,0,0,,,
AutoTimesNet,MAPE,0,1,0,0,0,,0,0,0,0,,,
AutoTimesNet,MASE,0,1,0,0,0,,0,0,0,0,,,
AutoTimesNet,MQLoss,0,1,0,0,0,,0,0,0,0,,,
AutoTimesNet,MSE,0,1,0,0,0,,0,0,0,0,,,
AutoTimesNet,NBMM,0,1,0,0,0,,0,0,0,0,,,
AutoTimesNet,PMM,0,1,0,0,0,,0,0,0,0,,,
AutoTimesNet,QuantileLayer,0,1,0,0,0,,0,0,0,0,,,
AutoTimesNet,QuantileLoss,0,1,0,0,0,,0,0,0,1,,,
AutoTimesNet,RMSE,0,1,0,0,0,,0,0,0,0,,,
AutoTimesNet,SMAPE,0,1,0,0,0,,0,0,0,0,,,
AutoTimesNet,TukeyLoss,0,1,0,0,0,,0,0,0,0,,,
AutoTimesNet,relMSE,0,1,0,0,0,,0,0,0,0,,,
AutoTimesNet,sCRPS,0,1,0,0,0,,0,0,0,0,,,
AutoVanillaTransformer,Accuracy,0,1,0,0,0,,0,0,0,0,,,
AutoVanillaTransformer,DistributionLoss,0,1,0,0,0,,0,0,1,0,,,
AutoVanillaTransformer,GMM,0,1,0,0,0,,0,0,0,0,,,
AutoVanillaTransformer,HuberIQLoss,0,1,0,0,0,,0,0,0,0,,,
AutoVanillaTransformer,HuberLoss,0,1,0,0,0,,0,0,0,0,,,
AutoVanillaTransformer,HuberMQLoss,0,1,0,0,0,,0,0,0,0,,,
AutoVanillaTransformer,HuberQLoss,0,1,0,0,0,,0,0,0,1,,,
AutoVanillaTransformer,IQLoss,0,1,0,0,0,,0,0,0,0,,,
AutoVanillaTransformer,MAE,1,1,0,0,0,,0,0,0,0,,,
AutoVanillaTransformer,MAPE,0,1,0,0,0,,0,0,0,0,,,
AutoVanillaTransformer,MASE,0,1,0,0,0,,0,0,0,0,,,
AutoVanillaTransformer,MQLoss,0,1,0,0,0,,0,0,0,0,,,
AutoVanillaTransformer,MSE,0,1,0,0,0,,0,0,0,0,,,
AutoVanillaTransformer,NBMM,0,1,0,0,0,,0,0,0,0,,,
AutoVanillaTransformer,PMM,0,1,0,0,0,,0,0,0,0,,,
AutoVanillaTransformer,QuantileLayer,0,1,0,0,0,,0,0,0,0,,,
AutoVanillaTransformer,QuantileLoss,0,1,0,0,0,,0,0,0,1,,,
AutoVanillaTransformer,RMSE,0,1,0,0,0,,0,0,0,0,,,
AutoVanillaTransformer,SMAPE,0,1,0,0,0,,0,0,0,0,,,
AutoVanillaTransformer,TukeyLoss,0,1,0,0,0,,0,0,0,0,,,
AutoVanillaTransformer,relMSE,0,1,0,0,0,,0,0,0,0,,,
AutoVanillaTransformer,sCRPS,0,1,0,0,0,,0,0,0,0,,,
AutoiTransformer,Accuracy,0,1,1,0,0,,0,0,0,0,,2.0,
AutoiTransformer,DistributionLoss,0,1,1,0,0,,0,0,1,0,,2.0,
AutoiTransformer,GMM,0,1,1,0,0,,0,0,0,0,,2.0,
AutoiTransformer,HuberIQLoss,0,1,1,0,0,,0,0,0,0,,2.0,
AutoiTransformer,HuberLoss,0,1,1,0,0,,0,0,0,0,,2.0,
AutoiTransformer,HuberMQLoss,0,1,1,0,0,,0,0,0,0,,2.0,
AutoiTransformer,HuberQLoss,0,1,1,0,0,,0,0,0,1,,2.0,
AutoiTransformer,IQLoss,0,1,1,0,0,,0,0,0,0,,2.0,
AutoiTransformer,MAE,1,1,1,0,0,,0,0,0,0,,2.0,
AutoiTransformer,MAPE,0,1,1,0,0,,0,0,0,0,,2.0,
AutoiTransformer,MASE,0,1,1,0,0,,0,0,0,0,,2.0,
AutoiTransformer,MQLoss,0,1,1,0,0,,0,0,0,0,,2.0,
AutoiTransformer,MSE,0,1,1,0,0,,0,0,0,0,,2.0,
AutoiTransformer,NBMM,0,1,1,0,0,,0,0,0,0,,2.0,
AutoiTransformer,PMM,0,1,1,0,0,,0,0,0,0,,2.0,
AutoiTransformer,QuantileLayer,0,1,1,0,0,,0,0,0,0,,2.0,
AutoiTransformer,QuantileLoss,0,1,1,0,0,,0,0,0,1,,2.0,
AutoiTransformer,RMSE,0,1,1,0,0,,0,0,0,0,,2.0,
AutoiTransformer,SMAPE,0,1,1,0,0,,0,0,0,0,,2.0,
AutoiTransformer,TukeyLoss,0,1,1,0,0,,0,0,0,0,,2.0,
AutoiTransformer,relMSE,0,1,1,0,0,,0,0,0,0,,2.0,
AutoiTransformer,sCRPS,0,1,1,0,0,,0,0,0,0,,2.0,
AutoxLSTM,Accuracy,0,1,0,0,0,,0,0,0,0,,,
AutoxLSTM,DistributionLoss,0,1,0,0,0,,0,0,1,0,,,
AutoxLSTM,GMM,0,1,0,0,0,,0,0,0,0,,,
AutoxLSTM,HuberIQLoss,0,1,0,0,0,,0,0,0,0,,,
AutoxLSTM,HuberLoss,0,1,0,0,0,,0,0,0,0,,,
AutoxLSTM,HuberMQLoss,0,1,0,0,0,,0,0,0,0,,,
AutoxLSTM,HuberQLoss,0,1,0,0,0,,0,0,0,1,,,
AutoxLSTM,IQLoss,0,1,0,0,0,,0,0,0,0,,,
AutoxLSTM,MAE,1,1,0,0,0,,0,0,0,0,,,
AutoxLSTM,MAPE,0,1,0,0,0,,0,0,0,0,,,
AutoxLSTM,MASE,0,1,0,0,0,,0,0,0,0,,,
AutoxLSTM,MQLoss,0,1,0,0,0,,0,0,0,0,,,
AutoxLSTM,MSE,0,1,0,0,0,,0,0,0,0,,,
AutoxLSTM,NBMM,0,1,0,0,0,,0,0,0,0,,,
AutoxLSTM,PMM,0,1,0,0,0,,0,0,0,0,,,
AutoxLSTM,QuantileLayer,0,1,0,0,0,,0,0,0,0,,,
AutoxLSTM,QuantileLoss,0,1,0,0,0,,0,0,0,1,,,
AutoxLSTM,RMSE,0,1,0,0,0,,0,0,0,0,,,
AutoxLSTM,SMAPE,0,1,0,0,0,,0,0,0,0,,,
AutoxLSTM,TukeyLoss,0,1,0,0,0,,0,0,0,0,,,
AutoxLSTM,relMSE,0,1,0,0,0,,0,0,0,0,,,
AutoxLSTM,sCRPS,0,1,0,0,0,,0,0,0,0,,,
