Model,Loss_Function,Status,Direct_Args_Used,Error_Detail
AutoAutoformer,Accuracy,✅ OK,[],
AutoAutoformer,GMM,✅ OK,[],
AutoAutoformer,HuberIQLoss,✅ OK,[],
AutoAutoformer,HuberLoss,✅ OK,[],
AutoAutoformer,HuberMQLoss,✅ OK,[],
AutoAutoformer,HuberQLoss,✅ OK,[],
AutoAutoformer,IQLoss,✅ OK,[],
AutoAutoformer,MAE,✅ OK,[],
AutoAutoformer,MAPE,✅ OK,[],
AutoAutoformer,MQLoss,✅ OK,[],
AutoAutoformer,MSE,✅ OK,[],
AutoAutoformer,NBMM,✅ OK,[],
AutoAutoformer,PMM,✅ OK,[],
AutoAutoformer,QuantileLayer,✅ OK,[],
AutoAutoformer,QuantileLoss,✅ OK,[],
AutoAutoformer,RMSE,✅ OK,[],
AutoAutoformer,SMAPE,✅ OK,[],
AutoAutoformer,TukeyLoss,✅ OK,[],
AutoAutoformer,relMSE,✅ OK,[],
AutoAutoformer,sCRPS,✅ OK,[],
AutoBiTCN,Accuracy,✅ OK,[],
AutoBiTCN,GMM,✅ OK,[],
AutoBiTCN,HuberIQLoss,✅ OK,[],
AutoBiTCN,HuberLoss,✅ OK,[],
AutoBiTCN,HuberMQLoss,✅ OK,[],
AutoBiTCN,HuberQLoss,✅ OK,[],
AutoBiTCN,IQLoss,✅ OK,[],
AutoBiTCN,MAE,✅ OK,[],
AutoBiTCN,MAPE,✅ OK,[],
AutoBiTCN,MQLoss,✅ OK,[],
AutoBiTCN,MSE,✅ OK,[],
AutoBiTCN,NBMM,✅ OK,[],
AutoBiTCN,PMM,✅ OK,[],
AutoBiTCN,QuantileLayer,✅ OK,[],
AutoBiTCN,QuantileLoss,✅ OK,[],
AutoBiTCN,RMSE,✅ OK,[],
AutoBiTCN,SMAPE,✅ OK,[],
AutoBiTCN,TukeyLoss,✅ OK,[],
AutoBiTCN,relMSE,✅ OK,[],
AutoBiTCN,sCRPS,✅ OK,[],
AutoDLinear,Accuracy,✅ OK,[],
AutoDLinear,GMM,✅ OK,[],
AutoDLinear,HuberIQLoss,✅ OK,[],
AutoDLinear,HuberLoss,✅ OK,[],
AutoDLinear,HuberMQLoss,✅ OK,[],
AutoDLinear,HuberQLoss,✅ OK,[],
AutoDLinear,IQLoss,✅ OK,[],
AutoDLinear,MAE,✅ OK,[],
AutoDLinear,MAPE,✅ OK,[],
AutoDLinear,MQLoss,✅ OK,[],
AutoDLinear,MSE,✅ OK,[],
AutoDLinear,NBMM,✅ OK,[],
AutoDLinear,PMM,✅ OK,[],
AutoDLinear,QuantileLayer,✅ OK,[],
AutoDLinear,QuantileLoss,✅ OK,[],
AutoDLinear,RMSE,✅ OK,[],
AutoDLinear,SMAPE,✅ OK,[],
AutoDLinear,TukeyLoss,✅ OK,[],
AutoDLinear,relMSE,✅ OK,[],
AutoDLinear,sCRPS,✅ OK,[],
AutoDeepAR,Accuracy,✅ OK,[],
AutoDeepAR,GMM,✅ OK,[],
AutoDeepAR,HuberIQLoss,✅ OK,[],
AutoDeepAR,HuberLoss,✅ OK,[],
AutoDeepAR,HuberMQLoss,✅ OK,[],
AutoDeepAR,HuberQLoss,✅ OK,[],
AutoDeepAR,IQLoss,✅ OK,[],
AutoDeepAR,MAE,✅ OK,[],
AutoDeepAR,MAPE,✅ OK,[],
AutoDeepAR,MQLoss,✅ OK,[],
AutoDeepAR,MSE,✅ OK,[],
AutoDeepAR,NBMM,✅ OK,[],
AutoDeepAR,PMM,✅ OK,[],
AutoDeepAR,QuantileLayer,✅ OK,[],
AutoDeepAR,QuantileLoss,✅ OK,[],
AutoDeepAR,RMSE,✅ OK,[],
AutoDeepAR,SMAPE,✅ OK,[],
AutoDeepAR,TukeyLoss,✅ OK,[],
AutoDeepAR,relMSE,✅ OK,[],
AutoDeepAR,sCRPS,✅ OK,[],
AutoDeepNPTS,Accuracy,✅ OK,[],
AutoDeepNPTS,GMM,✅ OK,[],
AutoDeepNPTS,HuberIQLoss,✅ OK,[],
AutoDeepNPTS,HuberLoss,✅ OK,[],
AutoDeepNPTS,HuberMQLoss,✅ OK,[],
AutoDeepNPTS,HuberQLoss,✅ OK,[],
AutoDeepNPTS,IQLoss,✅ OK,[],
AutoDeepNPTS,MAE,✅ OK,[],
AutoDeepNPTS,MAPE,✅ OK,[],
AutoDeepNPTS,MQLoss,✅ OK,[],
AutoDeepNPTS,MSE,✅ OK,[],
AutoDeepNPTS,NBMM,✅ OK,[],
AutoDeepNPTS,PMM,✅ OK,[],
AutoDeepNPTS,QuantileLayer,✅ OK,[],
AutoDeepNPTS,QuantileLoss,✅ OK,[],
AutoDeepNPTS,RMSE,✅ OK,[],
AutoDeepNPTS,SMAPE,✅ OK,[],
AutoDeepNPTS,TukeyLoss,✅ OK,[],
AutoDeepNPTS,relMSE,✅ OK,[],
AutoDeepNPTS,sCRPS,✅ OK,[],
AutoDilatedRNN,Accuracy,✅ OK,[],
AutoDilatedRNN,GMM,✅ OK,[],
AutoDilatedRNN,HuberIQLoss,✅ OK,[],
AutoDilatedRNN,HuberLoss,✅ OK,[],
AutoDilatedRNN,HuberMQLoss,✅ OK,[],
AutoDilatedRNN,HuberQLoss,✅ OK,[],
AutoDilatedRNN,IQLoss,✅ OK,[],
AutoDilatedRNN,MAE,✅ OK,[],
AutoDilatedRNN,MAPE,✅ OK,[],
AutoDilatedRNN,MQLoss,✅ OK,[],
AutoDilatedRNN,MSE,✅ OK,[],
AutoDilatedRNN,NBMM,✅ OK,[],
AutoDilatedRNN,PMM,✅ OK,[],
AutoDilatedRNN,QuantileLayer,✅ OK,[],
AutoDilatedRNN,QuantileLoss,✅ OK,[],
AutoDilatedRNN,RMSE,✅ OK,[],
AutoDilatedRNN,SMAPE,✅ OK,[],
AutoDilatedRNN,TukeyLoss,✅ OK,[],
AutoDilatedRNN,relMSE,✅ OK,[],
AutoDilatedRNN,sCRPS,✅ OK,[],
AutoFEDformer,Accuracy,✅ OK,[],
AutoFEDformer,GMM,✅ OK,[],
AutoFEDformer,HuberIQLoss,✅ OK,[],
AutoFEDformer,HuberLoss,✅ OK,[],
AutoFEDformer,HuberMQLoss,✅ OK,[],
AutoFEDformer,HuberQLoss,✅ OK,[],
AutoFEDformer,IQLoss,✅ OK,[],
AutoFEDformer,MAE,✅ OK,[],
AutoFEDformer,MAPE,✅ OK,[],
AutoFEDformer,MQLoss,✅ OK,[],
AutoFEDformer,MSE,✅ OK,[],
AutoFEDformer,NBMM,✅ OK,[],
AutoFEDformer,PMM,✅ OK,[],
AutoFEDformer,QuantileLayer,✅ OK,[],
AutoFEDformer,QuantileLoss,✅ OK,[],
AutoFEDformer,RMSE,✅ OK,[],
AutoFEDformer,SMAPE,✅ OK,[],
AutoFEDformer,TukeyLoss,✅ OK,[],
AutoFEDformer,relMSE,✅ OK,[],
AutoFEDformer,sCRPS,✅ OK,[],
AutoGRU,Accuracy,✅ OK,[],
AutoGRU,GMM,✅ OK,[],
AutoGRU,HuberIQLoss,✅ OK,[],
AutoGRU,HuberLoss,✅ OK,[],
AutoGRU,HuberMQLoss,✅ OK,[],
AutoGRU,HuberQLoss,✅ OK,[],
AutoGRU,IQLoss,✅ OK,[],
AutoGRU,MAE,✅ OK,[],
AutoGRU,MAPE,✅ OK,[],
AutoGRU,MQLoss,✅ OK,[],
AutoGRU,MSE,✅ OK,[],
AutoGRU,NBMM,✅ OK,[],
AutoGRU,PMM,✅ OK,[],
AutoGRU,QuantileLayer,✅ OK,[],
AutoGRU,QuantileLoss,✅ OK,[],
AutoGRU,RMSE,✅ OK,[],
AutoGRU,SMAPE,✅ OK,[],
AutoGRU,TukeyLoss,✅ OK,[],
AutoGRU,relMSE,✅ OK,[],
AutoGRU,sCRPS,✅ OK,[],
AutoHINT,Accuracy,❌ Error,"['cls_model', 'S']",AutoHINT.__init__() missing 1 required positional argument: 'valid_loss'
AutoHINT,GMM,❌ Error,"['cls_model', 'S']",AutoHINT.__init__() missing 1 required positional argument: 'valid_loss'
AutoHINT,HuberIQLoss,❌ Error,"['cls_model', 'S']",AutoHINT.__init__() missing 1 required positional argument: 'valid_loss'
AutoHINT,HuberLoss,❌ Error,"['cls_model', 'S']",AutoHINT.__init__() missing 1 required positional argument: 'valid_loss'
AutoHINT,HuberMQLoss,❌ Error,"['cls_model', 'S']",AutoHINT.__init__() missing 1 required positional argument: 'valid_loss'
AutoHINT,HuberQLoss,❌ Error,"['cls_model', 'S']",AutoHINT.__init__() missing 1 required positional argument: 'valid_loss'
AutoHINT,IQLoss,❌ Error,"['cls_model', 'S']",AutoHINT.__init__() missing 1 required positional argument: 'valid_loss'
AutoHINT,MAE,❌ Error,"['cls_model', 'S']",AutoHINT.__init__() missing 1 required positional argument: 'valid_loss'
AutoHINT,MAPE,❌ Error,"['cls_model', 'S']",AutoHINT.__init__() missing 1 required positional argument: 'valid_loss'
AutoHINT,MQLoss,❌ Error,"['cls_model', 'S']",AutoHINT.__init__() missing 1 required positional argument: 'valid_loss'
AutoHINT,MSE,❌ Error,"['cls_model', 'S']",AutoHINT.__init__() missing 1 required positional argument: 'valid_loss'
AutoHINT,NBMM,❌ Error,"['cls_model', 'S']",AutoHINT.__init__() missing 1 required positional argument: 'valid_loss'
AutoHINT,PMM,❌ Error,"['cls_model', 'S']",AutoHINT.__init__() missing 1 required positional argument: 'valid_loss'
AutoHINT,QuantileLayer,❌ Error,"['cls_model', 'S']",AutoHINT.__init__() missing 1 required positional argument: 'valid_loss'
AutoHINT,QuantileLoss,❌ Error,"['cls_model', 'S']",AutoHINT.__init__() missing 1 required positional argument: 'valid_loss'
AutoHINT,RMSE,❌ Error,"['cls_model', 'S']",AutoHINT.__init__() missing 1 required positional argument: 'valid_loss'
AutoHINT,SMAPE,❌ Error,"['cls_model', 'S']",AutoHINT.__init__() missing 1 required positional argument: 'valid_loss'
AutoHINT,TukeyLoss,❌ Error,"['cls_model', 'S']",AutoHINT.__init__() missing 1 required positional argument: 'valid_loss'
AutoHINT,relMSE,❌ Error,"['cls_model', 'S']",AutoHINT.__init__() missing 1 required positional argument: 'valid_loss'
AutoHINT,sCRPS,❌ Error,"['cls_model', 'S']",AutoHINT.__init__() missing 1 required positional argument: 'valid_loss'
AutoInformer,Accuracy,✅ OK,[],
AutoInformer,GMM,✅ OK,[],
AutoInformer,HuberIQLoss,✅ OK,[],
AutoInformer,HuberLoss,✅ OK,[],
AutoInformer,HuberMQLoss,✅ OK,[],
AutoInformer,HuberQLoss,✅ OK,[],
AutoInformer,IQLoss,✅ OK,[],
AutoInformer,MAE,✅ OK,[],
AutoInformer,MAPE,✅ OK,[],
AutoInformer,MQLoss,✅ OK,[],
AutoInformer,MSE,✅ OK,[],
AutoInformer,NBMM,✅ OK,[],
AutoInformer,PMM,✅ OK,[],
AutoInformer,QuantileLayer,✅ OK,[],
AutoInformer,QuantileLoss,✅ OK,[],
AutoInformer,RMSE,✅ OK,[],
AutoInformer,SMAPE,✅ OK,[],
AutoInformer,TukeyLoss,✅ OK,[],
AutoInformer,relMSE,✅ OK,[],
AutoInformer,sCRPS,✅ OK,[],
AutoKAN,Accuracy,✅ OK,[],
AutoKAN,GMM,✅ OK,[],
AutoKAN,HuberIQLoss,✅ OK,[],
AutoKAN,HuberLoss,✅ OK,[],
AutoKAN,HuberMQLoss,✅ OK,[],
AutoKAN,HuberQLoss,✅ OK,[],
AutoKAN,IQLoss,✅ OK,[],
AutoKAN,MAE,✅ OK,[],
AutoKAN,MAPE,✅ OK,[],
AutoKAN,MQLoss,✅ OK,[],
AutoKAN,MSE,✅ OK,[],
AutoKAN,NBMM,✅ OK,[],
AutoKAN,PMM,✅ OK,[],
AutoKAN,QuantileLayer,✅ OK,[],
AutoKAN,QuantileLoss,✅ OK,[],
AutoKAN,RMSE,✅ OK,[],
AutoKAN,SMAPE,✅ OK,[],
AutoKAN,TukeyLoss,✅ OK,[],
AutoKAN,relMSE,✅ OK,[],
AutoKAN,sCRPS,✅ OK,[],
AutoLSTM,Accuracy,✅ OK,[],
AutoLSTM,GMM,✅ OK,[],
AutoLSTM,HuberIQLoss,✅ OK,[],
AutoLSTM,HuberLoss,✅ OK,[],
AutoLSTM,HuberMQLoss,✅ OK,[],
AutoLSTM,HuberQLoss,✅ OK,[],
AutoLSTM,IQLoss,✅ OK,[],
AutoLSTM,MAE,✅ OK,[],
AutoLSTM,MAPE,✅ OK,[],
AutoLSTM,MQLoss,✅ OK,[],
AutoLSTM,MSE,✅ OK,[],
AutoLSTM,NBMM,✅ OK,[],
AutoLSTM,PMM,✅ OK,[],
AutoLSTM,QuantileLayer,✅ OK,[],
AutoLSTM,QuantileLoss,✅ OK,[],
AutoLSTM,RMSE,✅ OK,[],
AutoLSTM,SMAPE,✅ OK,[],
AutoLSTM,TukeyLoss,✅ OK,[],
AutoLSTM,relMSE,✅ OK,[],
AutoLSTM,sCRPS,✅ OK,[],
AutoMLP,Accuracy,✅ OK,[],
AutoMLP,GMM,✅ OK,[],
AutoMLP,HuberIQLoss,✅ OK,[],
AutoMLP,HuberLoss,✅ OK,[],
AutoMLP,HuberMQLoss,✅ OK,[],
AutoMLP,HuberQLoss,✅ OK,[],
AutoMLP,IQLoss,✅ OK,[],
AutoMLP,MAE,✅ OK,[],
AutoMLP,MAPE,✅ OK,[],
AutoMLP,MQLoss,✅ OK,[],
AutoMLP,MSE,✅ OK,[],
AutoMLP,NBMM,✅ OK,[],
AutoMLP,PMM,✅ OK,[],
AutoMLP,QuantileLayer,✅ OK,[],
AutoMLP,QuantileLoss,✅ OK,[],
AutoMLP,RMSE,✅ OK,[],
AutoMLP,SMAPE,✅ OK,[],
AutoMLP,TukeyLoss,✅ OK,[],
AutoMLP,relMSE,✅ OK,[],
AutoMLP,sCRPS,✅ OK,[],
AutoMLPMultivariate,Accuracy,✅ OK,['n_series'],
AutoMLPMultivariate,GMM,✅ OK,['n_series'],
AutoMLPMultivariate,HuberIQLoss,✅ OK,['n_series'],
AutoMLPMultivariate,HuberLoss,✅ OK,['n_series'],
AutoMLPMultivariate,HuberMQLoss,✅ OK,['n_series'],
AutoMLPMultivariate,HuberQLoss,✅ OK,['n_series'],
AutoMLPMultivariate,IQLoss,✅ OK,['n_series'],
AutoMLPMultivariate,MAE,✅ OK,['n_series'],
AutoMLPMultivariate,MAPE,✅ OK,['n_series'],
AutoMLPMultivariate,MQLoss,✅ OK,['n_series'],
AutoMLPMultivariate,MSE,✅ OK,['n_series'],
AutoMLPMultivariate,NBMM,✅ OK,['n_series'],
AutoMLPMultivariate,PMM,✅ OK,['n_series'],
AutoMLPMultivariate,QuantileLayer,✅ OK,['n_series'],
AutoMLPMultivariate,QuantileLoss,✅ OK,['n_series'],
AutoMLPMultivariate,RMSE,✅ OK,['n_series'],
AutoMLPMultivariate,SMAPE,✅ OK,['n_series'],
AutoMLPMultivariate,TukeyLoss,✅ OK,['n_series'],
AutoMLPMultivariate,relMSE,✅ OK,['n_series'],
AutoMLPMultivariate,sCRPS,✅ OK,['n_series'],
AutoNBEATS,Accuracy,✅ OK,[],
AutoNBEATS,GMM,✅ OK,[],
AutoNBEATS,HuberIQLoss,✅ OK,[],
AutoNBEATS,HuberLoss,✅ OK,[],
AutoNBEATS,HuberMQLoss,✅ OK,[],
AutoNBEATS,HuberQLoss,✅ OK,[],
AutoNBEATS,IQLoss,✅ OK,[],
AutoNBEATS,MAE,✅ OK,[],
AutoNBEATS,MAPE,✅ OK,[],
AutoNBEATS,MQLoss,✅ OK,[],
AutoNBEATS,MSE,✅ OK,[],
AutoNBEATS,NBMM,✅ OK,[],
AutoNBEATS,PMM,✅ OK,[],
AutoNBEATS,QuantileLayer,✅ OK,[],
AutoNBEATS,QuantileLoss,✅ OK,[],
AutoNBEATS,RMSE,✅ OK,[],
AutoNBEATS,SMAPE,✅ OK,[],
AutoNBEATS,TukeyLoss,✅ OK,[],
AutoNBEATS,relMSE,✅ OK,[],
AutoNBEATS,sCRPS,✅ OK,[],
AutoNBEATSx,Accuracy,✅ OK,[],
AutoNBEATSx,GMM,✅ OK,[],
AutoNBEATSx,HuberIQLoss,✅ OK,[],
AutoNBEATSx,HuberLoss,✅ OK,[],
AutoNBEATSx,HuberMQLoss,✅ OK,[],
AutoNBEATSx,HuberQLoss,✅ OK,[],
AutoNBEATSx,IQLoss,✅ OK,[],
AutoNBEATSx,MAE,✅ OK,[],
AutoNBEATSx,MAPE,✅ OK,[],
AutoNBEATSx,MQLoss,✅ OK,[],
AutoNBEATSx,MSE,✅ OK,[],
AutoNBEATSx,NBMM,✅ OK,[],
AutoNBEATSx,PMM,✅ OK,[],
AutoNBEATSx,QuantileLayer,✅ OK,[],
AutoNBEATSx,QuantileLoss,✅ OK,[],
AutoNBEATSx,RMSE,✅ OK,[],
AutoNBEATSx,SMAPE,✅ OK,[],
AutoNBEATSx,TukeyLoss,✅ OK,[],
AutoNBEATSx,relMSE,✅ OK,[],
AutoNBEATSx,sCRPS,✅ OK,[],
AutoNHITS,Accuracy,✅ OK,[],
AutoNHITS,GMM,✅ OK,[],
AutoNHITS,HuberIQLoss,✅ OK,[],
AutoNHITS,HuberLoss,✅ OK,[],
AutoNHITS,HuberMQLoss,✅ OK,[],
AutoNHITS,HuberQLoss,✅ OK,[],
AutoNHITS,IQLoss,✅ OK,[],
AutoNHITS,MAE,✅ OK,[],
AutoNHITS,MAPE,✅ OK,[],
AutoNHITS,MQLoss,✅ OK,[],
AutoNHITS,MSE,✅ OK,[],
AutoNHITS,NBMM,✅ OK,[],
AutoNHITS,PMM,✅ OK,[],
AutoNHITS,QuantileLayer,✅ OK,[],
AutoNHITS,QuantileLoss,✅ OK,[],
AutoNHITS,RMSE,✅ OK,[],
AutoNHITS,SMAPE,✅ OK,[],
AutoNHITS,TukeyLoss,✅ OK,[],
AutoNHITS,relMSE,✅ OK,[],
AutoNHITS,sCRPS,✅ OK,[],
AutoNLinear,Accuracy,✅ OK,[],
AutoNLinear,GMM,✅ OK,[],
AutoNLinear,HuberIQLoss,✅ OK,[],
AutoNLinear,HuberLoss,✅ OK,[],
AutoNLinear,HuberMQLoss,✅ OK,[],
AutoNLinear,HuberQLoss,✅ OK,[],
AutoNLinear,IQLoss,✅ OK,[],
AutoNLinear,MAE,✅ OK,[],
AutoNLinear,MAPE,✅ OK,[],
AutoNLinear,MQLoss,✅ OK,[],
AutoNLinear,MSE,✅ OK,[],
AutoNLinear,NBMM,✅ OK,[],
AutoNLinear,PMM,✅ OK,[],
AutoNLinear,QuantileLayer,✅ OK,[],
AutoNLinear,QuantileLoss,✅ OK,[],
AutoNLinear,RMSE,✅ OK,[],
AutoNLinear,SMAPE,✅ OK,[],
AutoNLinear,TukeyLoss,✅ OK,[],
AutoNLinear,relMSE,✅ OK,[],
AutoNLinear,sCRPS,✅ OK,[],
AutoPatchTST,Accuracy,✅ OK,[],
AutoPatchTST,GMM,✅ OK,[],
AutoPatchTST,HuberIQLoss,✅ OK,[],
AutoPatchTST,HuberLoss,✅ OK,[],
AutoPatchTST,HuberMQLoss,✅ OK,[],
AutoPatchTST,HuberQLoss,✅ OK,[],
AutoPatchTST,IQLoss,✅ OK,[],
AutoPatchTST,MAE,✅ OK,[],
AutoPatchTST,MAPE,✅ OK,[],
AutoPatchTST,MQLoss,✅ OK,[],
AutoPatchTST,MSE,✅ OK,[],
AutoPatchTST,NBMM,✅ OK,[],
AutoPatchTST,PMM,✅ OK,[],
AutoPatchTST,QuantileLayer,✅ OK,[],
AutoPatchTST,QuantileLoss,✅ OK,[],
AutoPatchTST,RMSE,✅ OK,[],
AutoPatchTST,SMAPE,✅ OK,[],
AutoPatchTST,TukeyLoss,✅ OK,[],
AutoPatchTST,relMSE,✅ OK,[],
AutoPatchTST,sCRPS,✅ OK,[],
AutoRMoK,Accuracy,✅ OK,['n_series'],
AutoRMoK,GMM,✅ OK,['n_series'],
AutoRMoK,HuberIQLoss,✅ OK,['n_series'],
AutoRMoK,HuberLoss,✅ OK,['n_series'],
AutoRMoK,HuberMQLoss,✅ OK,['n_series'],
AutoRMoK,HuberQLoss,✅ OK,['n_series'],
AutoRMoK,IQLoss,✅ OK,['n_series'],
AutoRMoK,MAE,✅ OK,['n_series'],
AutoRMoK,MAPE,✅ OK,['n_series'],
AutoRMoK,MQLoss,✅ OK,['n_series'],
AutoRMoK,MSE,✅ OK,['n_series'],
AutoRMoK,NBMM,✅ OK,['n_series'],
AutoRMoK,PMM,✅ OK,['n_series'],
AutoRMoK,QuantileLayer,✅ OK,['n_series'],
AutoRMoK,QuantileLoss,✅ OK,['n_series'],
AutoRMoK,RMSE,✅ OK,['n_series'],
AutoRMoK,SMAPE,✅ OK,['n_series'],
AutoRMoK,TukeyLoss,✅ OK,['n_series'],
AutoRMoK,relMSE,✅ OK,['n_series'],
AutoRMoK,sCRPS,✅ OK,['n_series'],
AutoRNN,Accuracy,✅ OK,[],
AutoRNN,GMM,✅ OK,[],
AutoRNN,HuberIQLoss,✅ OK,[],
AutoRNN,HuberLoss,✅ OK,[],
AutoRNN,HuberMQLoss,✅ OK,[],
AutoRNN,HuberQLoss,✅ OK,[],
AutoRNN,IQLoss,✅ OK,[],
AutoRNN,MAE,✅ OK,[],
AutoRNN,MAPE,✅ OK,[],
AutoRNN,MQLoss,✅ OK,[],
AutoRNN,MSE,✅ OK,[],
AutoRNN,NBMM,✅ OK,[],
AutoRNN,PMM,✅ OK,[],
AutoRNN,QuantileLayer,✅ OK,[],
AutoRNN,QuantileLoss,✅ OK,[],
AutoRNN,RMSE,✅ OK,[],
AutoRNN,SMAPE,✅ OK,[],
AutoRNN,TukeyLoss,✅ OK,[],
AutoRNN,relMSE,✅ OK,[],
AutoRNN,sCRPS,✅ OK,[],
AutoSOFTS,Accuracy,✅ OK,['n_series'],
AutoSOFTS,GMM,✅ OK,['n_series'],
AutoSOFTS,HuberIQLoss,✅ OK,['n_series'],
AutoSOFTS,HuberLoss,✅ OK,['n_series'],
AutoSOFTS,HuberMQLoss,✅ OK,['n_series'],
AutoSOFTS,HuberQLoss,✅ OK,['n_series'],
AutoSOFTS,IQLoss,✅ OK,['n_series'],
AutoSOFTS,MAE,✅ OK,['n_series'],
AutoSOFTS,MAPE,✅ OK,['n_series'],
AutoSOFTS,MQLoss,✅ OK,['n_series'],
AutoSOFTS,MSE,✅ OK,['n_series'],
AutoSOFTS,NBMM,✅ OK,['n_series'],
AutoSOFTS,PMM,✅ OK,['n_series'],
AutoSOFTS,QuantileLayer,✅ OK,['n_series'],
AutoSOFTS,QuantileLoss,✅ OK,['n_series'],
AutoSOFTS,RMSE,✅ OK,['n_series'],
AutoSOFTS,SMAPE,✅ OK,['n_series'],
AutoSOFTS,TukeyLoss,✅ OK,['n_series'],
AutoSOFTS,relMSE,✅ OK,['n_series'],
AutoSOFTS,sCRPS,✅ OK,['n_series'],
AutoStemGNN,Accuracy,✅ OK,['n_series'],
AutoStemGNN,GMM,✅ OK,['n_series'],
AutoStemGNN,HuberIQLoss,✅ OK,['n_series'],
AutoStemGNN,HuberLoss,✅ OK,['n_series'],
AutoStemGNN,HuberMQLoss,✅ OK,['n_series'],
AutoStemGNN,HuberQLoss,✅ OK,['n_series'],
AutoStemGNN,IQLoss,✅ OK,['n_series'],
AutoStemGNN,MAE,✅ OK,['n_series'],
AutoStemGNN,MAPE,✅ OK,['n_series'],
AutoStemGNN,MQLoss,✅ OK,['n_series'],
AutoStemGNN,MSE,✅ OK,['n_series'],
AutoStemGNN,NBMM,✅ OK,['n_series'],
AutoStemGNN,PMM,✅ OK,['n_series'],
AutoStemGNN,QuantileLayer,✅ OK,['n_series'],
AutoStemGNN,QuantileLoss,✅ OK,['n_series'],
AutoStemGNN,RMSE,✅ OK,['n_series'],
AutoStemGNN,SMAPE,✅ OK,['n_series'],
AutoStemGNN,TukeyLoss,✅ OK,['n_series'],
AutoStemGNN,relMSE,✅ OK,['n_series'],
AutoStemGNN,sCRPS,✅ OK,['n_series'],
AutoTCN,Accuracy,✅ OK,[],
AutoTCN,GMM,✅ OK,[],
AutoTCN,HuberIQLoss,✅ OK,[],
AutoTCN,HuberLoss,✅ OK,[],
AutoTCN,HuberMQLoss,✅ OK,[],
AutoTCN,HuberQLoss,✅ OK,[],
AutoTCN,IQLoss,✅ OK,[],
AutoTCN,MAE,✅ OK,[],
AutoTCN,MAPE,✅ OK,[],
AutoTCN,MQLoss,✅ OK,[],
AutoTCN,MSE,✅ OK,[],
AutoTCN,NBMM,✅ OK,[],
AutoTCN,PMM,✅ OK,[],
AutoTCN,QuantileLayer,✅ OK,[],
AutoTCN,QuantileLoss,✅ OK,[],
AutoTCN,RMSE,✅ OK,[],
AutoTCN,SMAPE,✅ OK,[],
AutoTCN,TukeyLoss,✅ OK,[],
AutoTCN,relMSE,✅ OK,[],
AutoTCN,sCRPS,✅ OK,[],
AutoTFT,Accuracy,✅ OK,[],
AutoTFT,GMM,✅ OK,[],
AutoTFT,HuberIQLoss,✅ OK,[],
AutoTFT,HuberLoss,✅ OK,[],
AutoTFT,HuberMQLoss,✅ OK,[],
AutoTFT,HuberQLoss,✅ OK,[],
AutoTFT,IQLoss,✅ OK,[],
AutoTFT,MAE,✅ OK,[],
AutoTFT,MAPE,✅ OK,[],
AutoTFT,MQLoss,✅ OK,[],
AutoTFT,MSE,✅ OK,[],
AutoTFT,NBMM,✅ OK,[],
AutoTFT,PMM,✅ OK,[],
AutoTFT,QuantileLayer,✅ OK,[],
AutoTFT,QuantileLoss,✅ OK,[],
AutoTFT,RMSE,✅ OK,[],
AutoTFT,SMAPE,✅ OK,[],
AutoTFT,TukeyLoss,✅ OK,[],
AutoTFT,relMSE,✅ OK,[],
AutoTFT,sCRPS,✅ OK,[],
AutoTSMixer,Accuracy,✅ OK,['n_series'],
AutoTSMixer,GMM,✅ OK,['n_series'],
AutoTSMixer,HuberIQLoss,✅ OK,['n_series'],
AutoTSMixer,HuberLoss,✅ OK,['n_series'],
AutoTSMixer,HuberMQLoss,✅ OK,['n_series'],
AutoTSMixer,HuberQLoss,✅ OK,['n_series'],
AutoTSMixer,IQLoss,✅ OK,['n_series'],
AutoTSMixer,MAE,✅ OK,['n_series'],
AutoTSMixer,MAPE,✅ OK,['n_series'],
AutoTSMixer,MQLoss,✅ OK,['n_series'],
AutoTSMixer,MSE,✅ OK,['n_series'],
AutoTSMixer,NBMM,✅ OK,['n_series'],
AutoTSMixer,PMM,✅ OK,['n_series'],
AutoTSMixer,QuantileLayer,✅ OK,['n_series'],
AutoTSMixer,QuantileLoss,✅ OK,['n_series'],
AutoTSMixer,RMSE,✅ OK,['n_series'],
AutoTSMixer,SMAPE,✅ OK,['n_series'],
AutoTSMixer,TukeyLoss,✅ OK,['n_series'],
AutoTSMixer,relMSE,✅ OK,['n_series'],
AutoTSMixer,sCRPS,✅ OK,['n_series'],
AutoTSMixerx,Accuracy,✅ OK,['n_series'],
AutoTSMixerx,GMM,✅ OK,['n_series'],
AutoTSMixerx,HuberIQLoss,✅ OK,['n_series'],
AutoTSMixerx,HuberLoss,✅ OK,['n_series'],
AutoTSMixerx,HuberMQLoss,✅ OK,['n_series'],
AutoTSMixerx,HuberQLoss,✅ OK,['n_series'],
AutoTSMixerx,IQLoss,✅ OK,['n_series'],
AutoTSMixerx,MAE,✅ OK,['n_series'],
AutoTSMixerx,MAPE,✅ OK,['n_series'],
AutoTSMixerx,MQLoss,✅ OK,['n_series'],
AutoTSMixerx,MSE,✅ OK,['n_series'],
AutoTSMixerx,NBMM,✅ OK,['n_series'],
AutoTSMixerx,PMM,✅ OK,['n_series'],
AutoTSMixerx,QuantileLayer,✅ OK,['n_series'],
AutoTSMixerx,QuantileLoss,✅ OK,['n_series'],
AutoTSMixerx,RMSE,✅ OK,['n_series'],
AutoTSMixerx,SMAPE,✅ OK,['n_series'],
AutoTSMixerx,TukeyLoss,✅ OK,['n_series'],
AutoTSMixerx,relMSE,✅ OK,['n_series'],
AutoTSMixerx,sCRPS,✅ OK,['n_series'],
AutoTiDE,Accuracy,✅ OK,[],
AutoTiDE,GMM,✅ OK,[],
AutoTiDE,HuberIQLoss,✅ OK,[],
AutoTiDE,HuberLoss,✅ OK,[],
AutoTiDE,HuberMQLoss,✅ OK,[],
AutoTiDE,HuberQLoss,✅ OK,[],
AutoTiDE,IQLoss,✅ OK,[],
AutoTiDE,MAE,✅ OK,[],
AutoTiDE,MAPE,✅ OK,[],
AutoTiDE,MQLoss,✅ OK,[],
AutoTiDE,MSE,✅ OK,[],
AutoTiDE,NBMM,✅ OK,[],
AutoTiDE,PMM,✅ OK,[],
AutoTiDE,QuantileLayer,✅ OK,[],
AutoTiDE,QuantileLoss,✅ OK,[],
AutoTiDE,RMSE,✅ OK,[],
AutoTiDE,SMAPE,✅ OK,[],
AutoTiDE,TukeyLoss,✅ OK,[],
AutoTiDE,relMSE,✅ OK,[],
AutoTiDE,sCRPS,✅ OK,[],
AutoTimeMixer,Accuracy,✅ OK,['n_series'],
AutoTimeMixer,GMM,✅ OK,['n_series'],
AutoTimeMixer,HuberIQLoss,✅ OK,['n_series'],
AutoTimeMixer,HuberLoss,✅ OK,['n_series'],
AutoTimeMixer,HuberMQLoss,✅ OK,['n_series'],
AutoTimeMixer,HuberQLoss,✅ OK,['n_series'],
AutoTimeMixer,IQLoss,✅ OK,['n_series'],
AutoTimeMixer,MAE,✅ OK,['n_series'],
AutoTimeMixer,MAPE,✅ OK,['n_series'],
AutoTimeMixer,MQLoss,✅ OK,['n_series'],
AutoTimeMixer,MSE,✅ OK,['n_series'],
AutoTimeMixer,NBMM,✅ OK,['n_series'],
AutoTimeMixer,PMM,✅ OK,['n_series'],
AutoTimeMixer,QuantileLayer,✅ OK,['n_series'],
AutoTimeMixer,QuantileLoss,✅ OK,['n_series'],
AutoTimeMixer,RMSE,✅ OK,['n_series'],
AutoTimeMixer,SMAPE,✅ OK,['n_series'],
AutoTimeMixer,TukeyLoss,✅ OK,['n_series'],
AutoTimeMixer,relMSE,✅ OK,['n_series'],
AutoTimeMixer,sCRPS,✅ OK,['n_series'],
AutoTimeXer,Accuracy,✅ OK,['n_series'],
AutoTimeXer,GMM,✅ OK,['n_series'],
AutoTimeXer,HuberIQLoss,✅ OK,['n_series'],
AutoTimeXer,HuberLoss,✅ OK,['n_series'],
AutoTimeXer,HuberMQLoss,✅ OK,['n_series'],
AutoTimeXer,HuberQLoss,✅ OK,['n_series'],
AutoTimeXer,IQLoss,✅ OK,['n_series'],
AutoTimeXer,MAE,✅ OK,['n_series'],
AutoTimeXer,MAPE,✅ OK,['n_series'],
AutoTimeXer,MQLoss,✅ OK,['n_series'],
AutoTimeXer,MSE,✅ OK,['n_series'],
AutoTimeXer,NBMM,✅ OK,['n_series'],
AutoTimeXer,PMM,✅ OK,['n_series'],
AutoTimeXer,QuantileLayer,✅ OK,['n_series'],
AutoTimeXer,QuantileLoss,✅ OK,['n_series'],
AutoTimeXer,RMSE,✅ OK,['n_series'],
AutoTimeXer,SMAPE,✅ OK,['n_series'],
AutoTimeXer,TukeyLoss,✅ OK,['n_series'],
AutoTimeXer,relMSE,✅ OK,['n_series'],
AutoTimeXer,sCRPS,✅ OK,['n_series'],
AutoTimesNet,Accuracy,✅ OK,[],
AutoTimesNet,GMM,✅ OK,[],
AutoTimesNet,HuberIQLoss,✅ OK,[],
AutoTimesNet,HuberLoss,✅ OK,[],
AutoTimesNet,HuberMQLoss,✅ OK,[],
AutoTimesNet,HuberQLoss,✅ OK,[],
AutoTimesNet,IQLoss,✅ OK,[],
AutoTimesNet,MAE,✅ OK,[],
AutoTimesNet,MAPE,✅ OK,[],
AutoTimesNet,MQLoss,✅ OK,[],
AutoTimesNet,MSE,✅ OK,[],
AutoTimesNet,NBMM,✅ OK,[],
AutoTimesNet,PMM,✅ OK,[],
AutoTimesNet,QuantileLayer,✅ OK,[],
AutoTimesNet,QuantileLoss,✅ OK,[],
AutoTimesNet,RMSE,✅ OK,[],
AutoTimesNet,SMAPE,✅ OK,[],
AutoTimesNet,TukeyLoss,✅ OK,[],
AutoTimesNet,relMSE,✅ OK,[],
AutoTimesNet,sCRPS,✅ OK,[],
AutoVanillaTransformer,Accuracy,✅ OK,[],
AutoVanillaTransformer,GMM,✅ OK,[],
AutoVanillaTransformer,HuberIQLoss,✅ OK,[],
AutoVanillaTransformer,HuberLoss,✅ OK,[],
AutoVanillaTransformer,HuberMQLoss,✅ OK,[],
AutoVanillaTransformer,HuberQLoss,✅ OK,[],
AutoVanillaTransformer,IQLoss,✅ OK,[],
AutoVanillaTransformer,MAE,✅ OK,[],
AutoVanillaTransformer,MAPE,✅ OK,[],
AutoVanillaTransformer,MQLoss,✅ OK,[],
AutoVanillaTransformer,MSE,✅ OK,[],
AutoVanillaTransformer,NBMM,✅ OK,[],
AutoVanillaTransformer,PMM,✅ OK,[],
AutoVanillaTransformer,QuantileLayer,✅ OK,[],
AutoVanillaTransformer,QuantileLoss,✅ OK,[],
AutoVanillaTransformer,RMSE,✅ OK,[],
AutoVanillaTransformer,SMAPE,✅ OK,[],
AutoVanillaTransformer,TukeyLoss,✅ OK,[],
AutoVanillaTransformer,relMSE,✅ OK,[],
AutoVanillaTransformer,sCRPS,✅ OK,[],
AutoiTransformer,Accuracy,✅ OK,['n_series'],
AutoiTransformer,GMM,✅ OK,['n_series'],
AutoiTransformer,HuberIQLoss,✅ OK,['n_series'],
AutoiTransformer,HuberLoss,✅ OK,['n_series'],
AutoiTransformer,HuberMQLoss,✅ OK,['n_series'],
AutoiTransformer,HuberQLoss,✅ OK,['n_series'],
AutoiTransformer,IQLoss,✅ OK,['n_series'],
AutoiTransformer,MAE,✅ OK,['n_series'],
AutoiTransformer,MAPE,✅ OK,['n_series'],
AutoiTransformer,MQLoss,✅ OK,['n_series'],
AutoiTransformer,MSE,✅ OK,['n_series'],
AutoiTransformer,NBMM,✅ OK,['n_series'],
AutoiTransformer,PMM,✅ OK,['n_series'],
AutoiTransformer,QuantileLayer,✅ OK,['n_series'],
AutoiTransformer,QuantileLoss,✅ OK,['n_series'],
AutoiTransformer,RMSE,✅ OK,['n_series'],
AutoiTransformer,SMAPE,✅ OK,['n_series'],
AutoiTransformer,TukeyLoss,✅ OK,['n_series'],
AutoiTransformer,relMSE,✅ OK,['n_series'],
AutoiTransformer,sCRPS,✅ OK,['n_series'],
AutoxLSTM,Accuracy,✅ OK,[],
AutoxLSTM,GMM,✅ OK,[],
AutoxLSTM,HuberIQLoss,✅ OK,[],
AutoxLSTM,HuberLoss,✅ OK,[],
AutoxLSTM,HuberMQLoss,✅ OK,[],
AutoxLSTM,HuberQLoss,✅ OK,[],
AutoxLSTM,IQLoss,✅ OK,[],
AutoxLSTM,MAE,✅ OK,[],
AutoxLSTM,MAPE,✅ OK,[],
AutoxLSTM,MQLoss,✅ OK,[],
AutoxLSTM,MSE,✅ OK,[],
AutoxLSTM,NBMM,✅ OK,[],
AutoxLSTM,PMM,✅ OK,[],
AutoxLSTM,QuantileLayer,✅ OK,[],
AutoxLSTM,QuantileLoss,✅ OK,[],
AutoxLSTM,RMSE,✅ OK,[],
AutoxLSTM,SMAPE,✅ OK,[],
AutoxLSTM,TukeyLoss,✅ OK,[],
AutoxLSTM,relMSE,✅ OK,[],
AutoxLSTM,sCRPS,✅ OK,[],
